CELL_LINE,COMPOUND_A,COMPOUND_B,MAX_CONC_A,MAX_CONC_B,IC50_A,H_A,Einf_A,IC50_B,H_B,Einf_B,SYNERGY_SCORE,QA,COMBINATION_ID
BT-549,AKT,ADAM17,1,75,0.184407667,1.7375109,59.57523324,1,0,100,7.39824,1,ADAM17.AKT
CAL-148,AKT,ADAM17,1,75,0.153391224,1.7541229,1.10077945,1,0,100,12.68634,1,ADAM17.AKT
HCC38,AKT,ADAM17,1,75,1,10,64.40008038,1,0,100,-4.35159,1,ADAM17.AKT
BT-20,BCL2_BCL2L1,ADAM17,1,75,1,1.1617315,39.16458718,75,0.9657921,70.9150332,-1.297886,1,ADAM17.BCL2_BCL2L1
HCC1143,BCL2_BCL2L1,ADAM17,1,75,0.115309253,10,57.19879477,0.0075,0.1,80.12808895,3.369319,1,ADAM17.BCL2_BCL2L1
HCC1937,BCL2_BCL2L1,ADAM17,1,75,1,0.6800246,44.77685179,1.460265179,0.8454861,93.47342327,18.31771,1,ADAM17.BCL2_BCL2L1
Hs-578-T,BCL2_BCL2L1,ADAM17,1,75,0.11382074,1.8395583,62.84448784,1.188576126,0.2080817,78.96791015,-36.83033,1,ADAM17.BCL2_BCL2L1
DU-4475,FGFR,ADAM17,1,75,0.100523783,0.7482343,82.59319334,21.93696412,2.163361,34.61597091,-14.39873,1,ADAM17.FGFR
HCC1187,FGFR,ADAM17,1,75,1,0,100,1,0,100,-6.400371,1,ADAM17.FGFR
HCC70,FGFR,ADAM17,1,75,1,0,100,1,0,100,-14.909,1,ADAM17.FGFR
Hs-578-T,FGFR,ADAM17,1,75,1,0.4548841,60.47842332,0.010179286,8.2272521,86.59999985,-7.859544,1,ADAM17.FGFR
CAL-51,MAP2K_1,ADAM17,1,75,0.264716052,10,91.89911761,1,0,100,-6.322157,1,ADAM17.MAP2K_1
HCC1428,MAP2K_1,ADAM17,1,75,1,0,100,1,0,100,-9.439825,1,ADAM17.MAP2K_1
MDA-MB-157,MAP2K_1,ADAM17,1,75,0.389676638,0.3937379,27.51152358,75,0.1851383,75.60883736,15.84889,1,ADAM17.MAP2K_1
BT-549,MTOR_1,ADAM17,1,75,0.282911482,1.6142752,26.67216631,1,0,100,-9.722151,1,ADAM17.MTOR_1
MDA-MB-157,MTOR_1,ADAM17,1,75,0.178030361,2.3292531,56.43730479,1,0,100,41.926,1,ADAM17.MTOR_1
MFM-223,MTOR_1,ADAM17,1,75,0.254187583,3.3504237,30.90453052,75,10,85.60010841,6.913281,1,ADAM17.MTOR_1
BT-549,PIK3C,ADAM17,1,75,0.314090994,4.1591177,39.21220663,1,0,100,-22.83696,1,ADAM17.PIK3C
DU-4475,PIK3C,ADAM17,1,75,0.220608746,1.1662957,0,14.92559164,1.490348,43.11250794,54.88385,1,ADAM17.PIK3C
HCC1187,PIK3C,ADAM17,1,75,0.214017711,2.7505887,25.35019606,1,0,100,3.520869,1,ADAM17.PIK3C
HCC38,PIK3C,ADAM17,1,75,0.308286749,10,77.09977338,1,0,100,-0.780308,1,ADAM17.PIK3C
BT-549,PIK3CB_PIK3CD,ADAM17,1,75,0.566041301,0.4499586,0,0.0075,0.1,93.2391889,3.480756,1,ADAM17.PIK3CB_PIK3CD
CAL-120,PIK3CB_PIK3CD,ADAM17,1,75,0.15269867,3.6810956,67.93705883,1,0,100,8.763481,1,ADAM17.PIK3CB_PIK3CD
CAL-51,PIK3CB_PIK3CD,ADAM17,1,75,1,0.6924887,71.96545468,23.61371697,10,92.79991074,8.352364,1,ADAM17.PIK3CB_PIK3CD
MDA-MB-436,PIK3CB_PIK3CD,ADAM17,1,75,0.286174654,1.0945051,63.13176947,1,0,100,3.653325,1,ADAM17.PIK3CB_PIK3CD
VCaP,AKT,ADAM17,1,10,0.662229319,1.024604,0,3.109985926,1.2137953,72.75883944,43.54851,1,ADAM17.AKT
T47D,AKT_1,AKT,1,1,0.025096451,1.8278286,47.5203891,0.110554203,10,41.84885791,-2.04992,1,AKT.AKT_1
A549,CSNK2A1_2,AKT,0.1,3,0.016795032,5.0493749,7.60004,3,0.5882204,74.69708706,21.83977,1,AKT.CSNK2A1_2
NCI-H2291,CSNK2A1_2,AKT,0.01,3,0.002230086,1.0109184,11.73690642,1.344380406,1.3443365,78.075191,8.86138,1,AKT.CSNK2A1_2
NCI-H358,CSNK2A1_2,AKT,0.1,3,0.010716611,3.4000623,15.91295771,2.130671247,0.7996328,0,46.89053,1,AKT.CSNK2A1_2
SW900,CSNK2A1_2,AKT,0.01,3,0.003485553,1.8212082,22.71041009,1.179607119,0.3433128,0,23.98625,1,AKT.CSNK2A1_2
T47D,Chloroquine,AKT,1,1,1,0.5034796,88.38008498,0.117926103,1.9448219,34.00890984,10.65468,1,AKT.Chloroquine
BFTC-905,FGFR,AKT,3,3,3,0.985901,15.6214829,0.085655436,1.1559938,27.52012385,-101.1725,1,AKT.FGFR
J82,FGFR,AKT,3,3,0.065391144,1.1226817,62.26301982,0.951072919,1.0642443,26.73400978,43.28107,1,AKT.FGFR
VCaP,FGFR,AKT,3,1,3,2.8467294,63.20385038,0.312448777,2.3977882,64.75143342,-7.65672,1,AKT.FGFR
CAMA-1,HDAC_4,AKT,1,1,0.410802027,10,58.89437436,0.218827383,1.3497632,28.13595238,-30.19233,1,AKT.HDAC_4
MDA-MB-361,HDAC_4,AKT,1,1,0.329827395,10,35.19899628,0.241296881,3.9159513,40.37546581,-15.37092,1,AKT.HDAC_4
UM-UC-3,HDAC_4,AKT,3,3,1.12381411,10,28.79612436,1.174631178,10,85.59878043,3.11513,1,AKT.HDAC_4
CAL-120,PIK3CA_4,AKT,1,1,1,10,77.40002127,1,0.8800457,17.37043545,15.90209,1,AKT.PIK3CA_4
CAL-51,PIK3CA_4,AKT,1,1,1,0.6986249,32.97368748,0.208638081,1.2183631,34.74900434,-4.659295,1,AKT.PIK3CA_4
HCC1428,PIK3CA_4,AKT,1,1,1,0,100,1,0,100,-6.982336,1,AKT.PIK3CA_4
HCC38,PIK3CA_4,AKT,1,1,1.00E-04,0.1,88.68310767,1,0.489543,75.32176044,-38.90653,1,AKT.PIK3CA_4
CAL-148,PIK3C_2,AKT,1,1,1,10,52.40001178,0.142786506,1.3518775,0,0.7499019,1,AKT.PIK3C_2
CAL-51,PIK3C_2,AKT,1,1,0.581301853,1.5217903,0,0.853253418,0.6711482,0,4.678623,1,AKT.PIK3C_2
HCC1187,PIK3C_2,AKT,1,1,0.388384768,1.5733564,15.05106052,0.237529674,2.0079884,57.01041679,7.401312,1,AKT.PIK3C_2
MDA-MB-453,PIK3C_2,AKT,1,1,0.397268771,2.1189118,0,0.208529199,1.459807,19.04960187,7.232721,1,AKT.PIK3C_2
647-V,TNF,AKT,0.1,3,1,0,100,0.644962969,1.3851476,0,10.83863,1,AKT.TNF
UM-UC-3,TNF,AKT,0.03,3,0.001552593,0.3995503,39.4393991,1.118588186,10,81.69904698,52.74759,1,AKT.TNF
CAL-120,AKT_1,AKT,1,1,0.03459917,0.7021456,86.97430966,0.205462749,0.5997523,30.82795025,3.684652,1,AKT.AKT_1
CAL-148,AKT_1,AKT,1,1,0.293333808,1.0679445,0,0.132053678,1.0728938,0,3.875171,1,AKT.AKT_1
HCC38,AKT_1,AKT,1,1,0.037113822,10,90.59986225,1,10,79.80020331,-26.97995,1,AKT.AKT_1
MDA-MB-468,AKT_1,AKT,1,1,0.498104851,1.3891923,39.37850564,0.318389547,1.2838919,19.61961759,-8.220864,1,AKT.AKT_1
BT-20,PIK3C,AKT_1,1,1,0.32337057,1.1071206,34.43183296,0.182132418,0.8560683,65.68364506,32.94524,1,AKT_1.PIK3C
CAL-51,PIK3C,AKT_1,1,1,0.839256561,0.7395531,0,1,0.713769,28.9141716,27.7552,1,AKT_1.PIK3C
M14,PIK3C,AKT_1,1,1,0.319258854,10,49.8993566,1,0,100,21.04548,1,AKT_1.PIK3C
BT-20,PIK3CB_PIK3CD,AKT_1,1,1,0.303891456,10,82.89985504,0.076547092,1.2699739,68.45987314,1.851047,1,AKT_1.PIK3CB_PIK3CD
CAL-148,PIK3CB_PIK3CD,AKT_1,1,1,0.343986067,10,24.59825067,0.334446918,1.2014325,0,12.17552,1,AKT_1.PIK3CB_PIK3CD
HCC1806,PIK3CB_PIK3CD,AKT_1,1,1,1,0,100,0.250039084,1.9923195,29.99917061,47.79886,1,AKT_1.PIK3CB_PIK3CD
HCC1143,PIK3C_2,AKT_1,1,1,0.344056453,2.1956105,57.02929024,1,0.6784798,46.09945036,2.044941,1,AKT_1.PIK3C_2
HCC1187,PIK3C_2,AKT_1,1,1,0.382717043,1.0339919,0,0.28304018,0.5236124,10.1448126,8.32519,1,AKT_1.PIK3C_2
MDA-MB-468,PIK3C_2,AKT_1,1,1,1,1.5044778,5.72031271,0.416547724,1.4049603,44.69783159,8.75136,1,AKT_1.PIK3C_2
CAL-120,BCL2_BCL2L1,AKT_SGK,1,1,0.281953304,0.5031753,0,0.375635955,0.6455937,55.24909874,-4.552796,1,AKT_SGK.BCL2_BCL2L1
HCC1806,BCL2_BCL2L1,AKT_SGK,1,1,1,0,100,0.314810758,10,61.49958361,5.263332,1,AKT_SGK.BCL2_BCL2L1
HCC38,BCL2_BCL2L1,AKT_SGK,1,1,0.178136156,1.8495247,7.66018238,0.328968136,10,86.99978983,-9.884569,1,AKT_SGK.BCL2_BCL2L1
MDA-MB-453,BCL2_BCL2L1,AKT_SGK,1,1,0.224715049,2.9688175,84.69533369,0.182430008,1.6706203,12.3407569,-2.259038,1,AKT_SGK.BCL2_BCL2L1
BT-549,FGFR,AKT_SGK,1,1,0.157868063,0.999416,58.84743706,1,0.5364711,2.47887994,27.59494,1,AKT_SGK.FGFR
CAL-51,FGFR,AKT_SGK,1,1,1,2.9279322,74.01373792,0.133740358,1.1720112,27.03853853,-13.3358,1,AKT_SGK.FGFR
Hs-578-T,FGFR,AKT_SGK,1,1,0.057351352,10,87.62100329,0.18383377,1.8276342,39.38793426,35.58254,1,AKT_SGK.FGFR
MDA-MB-231,FGFR,AKT_SGK,1,1,1,0,100,0.25590388,2.7244568,82.99964024,6.124451,1,AKT_SGK.FGFR
Hs-578-T,MAP2K_1,AKT_SGK,1,1,1,0.4481577,59.6844079,0.159045251,1.7270378,37.17211685,11.04785,1,AKT_SGK.MAP2K_1
MDA-MB-231,MAP2K_1,AKT_SGK,1,1,0.917241511,0.7992548,0,1,0.7899256,52.15322957,28.51286,1,AKT_SGK.MAP2K_1
MDA-MB-436,MAP2K_1,AKT_SGK,1,1,0.065468317,0.6600302,50.95536976,0.253195306,4.7325885,67.85189431,2.378303,1,AKT_SGK.MAP2K_1
MDA-MB-453,MAP2K_1,AKT_SGK,1,1,1,0,100,0.186525801,1.7097218,12.37724752,-12.72298,1,AKT_SGK.MAP2K_1
BT-549,PIK3C,AKT_SGK,1,1,0.289087178,10,47.59962298,0.207471568,1.0767016,46.4514854,9.223287,1,AKT_SGK.PIK3C
HCC1187,PIK3C,AKT_SGK,1,1,0.263225795,4.0604327,26.47553187,0.166127269,1.3528442,44.44753461,31.26614,1,AKT_SGK.PIK3C
HCC1428,PIK3C,AKT_SGK,1,1,1,0.5955597,59.73504922,1,0.6029697,55.78964845,-0.5884692,1,AKT_SGK.PIK3C
MDA-MB-468,PIK3C,AKT_SGK,1,1,1,0,100,0.429618882,1.6058406,45.70149616,10.13577,1,AKT_SGK.PIK3C
HCC1937,ALK_IGFR,AKT,1,1,1,0.732331,68.55868429,0.312136404,0.9208932,54.56344698,13.64358,1,AKT.ALK_IGFR
HCC38,ALK_IGFR,AKT,1,1,0.338026653,10,75.49952131,1,10,63.40009908,-4.917333,1,AKT.ALK_IGFR
HCC70,ALK_IGFR,AKT,1,1,1.00E-04,0.1,93.60520191,0.259269633,0.8698514,0,14.28817,1,AKT.ALK_IGFR
MDA-MB-453,ALK_IGFR,AKT,1,1,0.289253232,10,22.39963604,0.236069598,1.261764,21.74360965,5.656754,1,AKT.ALK_IGFR
HCC1937,ALK_IGFR,AKT_1,1,1,0.28383344,2.2743659,90.47576954,1,0.4865957,43.35055455,-4.55423,1,AKT_1.ALK_IGFR
MDA-MB-231,ALK_IGFR,AKT_1,1,1,0.319037,10,88.59986207,1,0.626198,53.81529469,5.747195,1,AKT_1.ALK_IGFR
MFM-223,ALK_IGFR,AKT_1,1,1,0.254099481,1.5867247,27.18148769,0.350844011,0.7720568,0,29.12629,1,AKT_1.ALK_IGFR
CAL-120,MTOR_1,ALK_IGFR,1,1,0.164708038,2.3649177,40.78330751,0.31558641,10,63.29962143,37.86855,1,ALK_IGFR.MTOR_1
HCC1395,MTOR_1,ALK_IGFR,1,1,0.764491595,0.8310003,0,0.751659375,1.1370007,0,12.51054,1,ALK_IGFR.MTOR_1
MDA-MB-453,MTOR_1,ALK_IGFR,1,1,0.272983643,10,12.89937471,0.309298729,10,23.39933197,1.396803,1,ALK_IGFR.MTOR_1
HCC1395,PIK3CB_PIK3CD,ALK_IGFR,1,1,0.701618165,0.4740328,24.20922691,0.656757624,1.5914149,11.74081812,66.37348,1,ALK_IGFR.PIK3CB_PIK3CD
HCC1428,PIK3CB_PIK3CD,ALK_IGFR,1,1,0.30993664,10,93.79984629,1.00E-04,0.1,87.68683512,-30.36349,1,ALK_IGFR.PIK3CB_PIK3CD
MDA-MB-453,PIK3CB_PIK3CD,ALK_IGFR,1,1,0.136281059,1.4447749,32.96805293,0.276385811,2.7081657,19.90485282,-4.536145,1,ALK_IGFR.PIK3CB_PIK3CD
MFM-223,PIK3CB_PIK3CD,ALK_IGFR,1,1,0.336723795,10,78.29957572,0.666901816,1.119382,0,14.87154,1,ALK_IGFR.PIK3CB_PIK3CD
HCC1143,ATR_4,AKT,1,1,0.358669899,10,37.99781031,0.275064106,1.1591545,69.5275241,-35.35206,1,AKT.ATR_4
HCC1937,ATR_4,AKT,1,1,1,10,92.8002508,0.161277569,1.0501295,54.83624831,-30.02469,1,AKT.ATR_4
MDA-MB-231,ATR_4,AKT,1,1,1,10,49.00022721,0.122777966,1.9404586,78.15118747,-15.84111,1,AKT.ATR_4
MDA-MB-436,ATR_4,AKT,1,1,1,1.2525266,23.79615714,1,0.8544595,41.00106739,-9.165176,1,AKT.ATR_4
MDA-MB-468,ATR_4,AKT,1,1,0.467279068,10,74.48734375,0.305173609,10,48.39960725,16.51386,1,AKT.ATR_4
HCC1395,BCL2_BCL2L1,ATR_4,1,1,1.00E-04,0.1,86.96087499,0.453450223,1.4525592,0,10.15432,1,ATR_4.BCL2_BCL2L1
HCC1428,BCL2_BCL2L1,ATR_4,1,1,0.1048531,0.6791594,0,1,0.5900947,2.92267033,29.95521,1,ATR_4.BCL2_BCL2L1
Hs-578-T,BCL2_BCL2L1,ATR_4,1,1,0.048602479,2.3238197,66.97518748,0.334945501,10,58.29925039,-40.12297,1,ATR_4.BCL2_BCL2L1
M14,BCL2_BCL2L1,ATR_4,1,1,0.030276614,0.7838273,14.99625481,0.403857904,1.6333577,1.46488635,4.766941,1,ATR_4.BCL2_BCL2L1
HCC1428,MAP2K_1,ATR_4,1,1,0.055202419,10,90.93127156,0.209973927,1.3465085,45.78535969,-13.14593,1,ATR_4.MAP2K_1
HCC1806,MAP2K_1,ATR_4,1,1,0.175708417,0.836415,14.47014025,0.299670538,10,9.09946216,7.633129,1,ATR_4.MAP2K_1
HCC70,MAP2K_1,ATR_4,1,1,0.120771379,0.999181,55.10489565,1,1.1097078,31.94493634,-7.353235,1,ATR_4.MAP2K_1
MDA-MB-436,MAP2K_1,ATR_4,1,1,0.247077953,0.476788,38.88547126,0.317195857,10,65.39963551,8.561145,1,ATR_4.MAP2K_1
CAL-120,MTOR_1,ATR_4,1,1,0.132343587,1.8456728,45.16910485,0.395510408,10,76.39778843,-12.79242,1,ATR_4.MTOR_1
CAMA-1,MTOR_1,ATR_4,1,1,0.410325704,1.8932976,13.56305898,0.378257565,10,56.49739135,-40.55575,1,ATR_4.MTOR_1
HCC1806,MTOR_1,ATR_4,1,1,0.185606233,1.842089,11.10541178,0.311179343,10,9.89920518,-16.94655,1,ATR_4.MTOR_1
MDA-MB-436,MTOR_1,ATR_4,1,1,0.17074674,2.8807603,25.69410527,0.31352356,10,62.1996035,-10.64616,1,ATR_4.MTOR_1
DMS-114,CarboTaxol,BCL2,0.01,3,0.001558236,2.9032436,10.97230323,1.090997085,10,93.89974943,12.01625,1,BCL2.CarboTaxol
NCI-H522,CarboTaxol,BCL2,0.01,3,0.001647166,1.2249118,0,3,0.3232418,17.68158872,16.98015,1,BCL2.CarboTaxol
NCI-H838,CarboTaxol,BCL2,0.01,3,0.001488243,3.6141601,2.34581297,3,0.7853555,50.66721686,14.43927,1,BCL2.CarboTaxol
LS-513,IGFR_4,BCL2,10,3,0.137347975,1.962853,10.7896748,0.792046309,2.0154405,23.65654457,27.75629,1,BCL2.IGFR_4
SW48,IGFR_4,BCL2,10,3,0.089491157,0.5734836,0,0.140911593,1.4023402,20.39916289,38.4631,1,BCL2.IGFR_4
LS-513,MAP2K_1,BCL2,0.3,3,0.086642433,1.7885443,23.66169368,0.925252642,2.0470956,19.75518753,27.76403,1,BCL2.MAP2K_1
SW48,MAP2K_1,BCL2,3,3,0.076418668,1.297105,25.34431909,0.162129313,1.162214,18.14375467,29.97984,1,BCL2.MAP2K_1
NCI-H747,Oxaliplatin,BCL2,3,3,0.297685841,0.5755279,3.17775184,0.957183368,0.9334137,0,-15.57034,1,BCL2.Oxaliplatin
HT-29,Oxaliplatin,BCL2,3,3,1,0,100,3.00E-04,0.1,91.37726156,-54.38078,1,BCL2.Oxaliplatin
NCI-H1563,Topotecan,BCL2,0.1,3,0.030228999,3.6999753,14.59175565,2.954661814,10,0,22.12613,1,BCL2.Topotecan
NCI-H1703,Topotecan,BCL2,0.1,3,0.068851011,2.4439814,0,3,0.8537754,70.6904885,-5.256979,1,BCL2.Topotecan
NCI-H3122,Topotecan,BCL2,0.1,3,0.030102936,2.5604501,2.68553324,0.278723858,10,78.99933576,8.200452,1,BCL2.Topotecan
BT-474,BCL2_2,AKT_1,3,3,1.311395198,10,58.28937652,0.277593744,1.8350974,9.71324083,12.78562,1,AKT_1.BCL2_2
HCC1395,BCL2_2,AKT_1,3,3,3,0.2708437,3.51570969,1.625401667,0.4196371,0,-65.07911,1,AKT_1.BCL2_2
MDA-MB-157,BCL2_2,AKT_1,3,3,1.188163062,4.740805,0,3,0.255839,43.24045236,-8.942741,1,AKT_1.BCL2_2
BT-20,BCL2_BCL2L1,AKT_1,1,1,1,0.567993,57.76712259,0.058064369,0.9830279,66.59710113,17.04246,1,AKT_1.BCL2_BCL2L1
HCC1143,BCL2_BCL2L1,AKT_1,1,1,0.787129499,0.8235477,25.86238824,0.170486776,1.6919151,74.27195398,6.718205,1,AKT_1.BCL2_BCL2L1
HCC1395,BCL2_BCL2L1,AKT_1,1,1,1,0.1783526,86.72133163,0.931828031,0.5924265,0.28428183,-1.07416,1,AKT_1.BCL2_BCL2L1
HCC1806,BCL2_BCL2L1,AKT_1,1,1,1,0,100,0.290258087,1.2404915,15.9468499,6.105531,1,AKT_1.BCL2_BCL2L1
SW780,BCL2_BCL2L1,ATR_4,0.3,3,0.019155392,1.0408955,24.44949385,3,10,38.40020356,2.738121,1,ATR_4.BCL2_BCL2L1
CAL-148,FGFR,BCL2_BCL2L1,1,1,1,0,100,0.328788466,10,43.29915405,10.74788,1,BCL2_BCL2L1.FGFR
HCC1187,FGFR,BCL2_BCL2L1,1,1,1,0,100,1,0,100,-23.24321,1,BCL2_BCL2L1.FGFR
HCC1395,FGFR,BCL2_BCL2L1,1,1,0.01060993,1.9015568,49.49585092,1,0.1829299,88.80575873,9.840028,1,BCL2_BCL2L1.FGFR
HCC1937,FGFR,BCL2_BCL2L1,1,1,1,0,100,0.464168751,1.2124448,58.34450761,8.641153,1,BCL2_BCL2L1.FGFR
MDA-MB-231,FGFR,BCL2_BCL2L1,1,1,1,0,100,0.31633749,10,58.6995703,14.14945,1,BCL2_BCL2L1.FGFR
CAL-120,MAP2K_1,BCL2_BCL2L1,1,1,0.301757548,10,89.69986328,0.094875712,10,52.74961711,2.210898,1,BCL2_BCL2L1.MAP2K_1
HCC70,MAP2K_1,BCL2_BCL2L1,1,1,0.23900247,10,81.48705689,1,0,100,10.92082,1,BCL2_BCL2L1.MAP2K_1
MDA-MB-157,MAP2K_1,BCL2_BCL2L1,1,1,0.039941184,1.5098947,64.28179021,1,0.2164985,82.11828684,5.45353,1,BCL2_BCL2L1.MAP2K_1
MDA-MB-453,MAP2K_1,BCL2_BCL2L1,1,1,1,0,100,0.31557151,10,89.09986673,-20.59789,1,BCL2_BCL2L1.MAP2K_1
BT-549,PIK3CA_4,BCL2_BCL2L1,1,1,0.371840304,4.6094597,83.02428239,0.279380406,10,84.19982768,15.55071,1,BCL2_BCL2L1.PIK3CA_4
HCC1187,PIK3CA_4,BCL2_BCL2L1,1,1,0.205045254,1.6502614,55.98192814,1,0,100,11.34446,1,BCL2_BCL2L1.PIK3CA_4
HCC38,PIK3CA_4,BCL2_BCL2L1,1,1,0.235346228,10,94.47805548,0.17761944,4.0886948,8.73253917,9.851052,1,BCL2_BCL2L1.PIK3CA_4
Hs-578-T,PIK3CA_4,BCL2_BCL2L1,1,1,0.346069666,10,69.99925193,0.012187829,10,87.55032267,-8.906678,1,BCL2_BCL2L1.PIK3CA_4
HCC1419,BCL2L1,AKT,3,3,3,0.1851817,48.12553227,0.897577705,0.6513128,0,80.14851,1,AKT.BCL2L1
HCC1954,BCL2L1,AKT,3,3,0.037705465,0.1,28.78664044,0.197513829,0.4595275,0,67.8827,1,AKT.BCL2L1
MDA-MB-157,BCL2L1,AKT,3,3,3,0.1514905,69.3768591,0.611274572,0.316907,0,60.43975,1,AKT.BCL2L1
MDA-MB-157,BCL2L1,AKT_1,3,3,0.025735296,3.4721982,89.04988283,3,0.2470923,62.0140952,40.90262,1,AKT_1.BCL2L1
MDA-MB-436,BCL2L1,AKT_1,3,3,0.028774443,2.3027795,91.80398089,3,0.2948265,55.55269468,12.80879,1,AKT_1.BCL2L1
MDA-MB-453,BCL2L1,AKT_1,3,3,0.377723717,0.6799642,76.36882217,0.340069075,1.0617077,30.89462935,-26.1504,1,AKT_1.BCL2L1
EVSA-T,MTOR_1,BCL2L1,1,3,0.18242248,1.3354247,0,0.058105164,10,93.27136122,4.172498,1,BCL2L1.MTOR_1
HCC1187,MTOR_1,BCL2L1,1,3,0.098688741,0.8716742,25.13529912,3,0.1306628,30.5761336,51.7746,1,BCL2L1.MTOR_1
MDA-MB-453,MTOR_1,BCL2L1,1,3,0.069356735,1.6727152,9.42570023,3,0.2501469,65.08517827,9.558162,1,BCL2L1.MTOR_1
HCC1954,PIK3C,BCL2L1,3,3,0.875416201,1.4105801,0,0.167093765,0.2035906,24.22939742,7.332337,1,BCL2L1.PIK3C
MDA-MB-436,PIK3C,BCL2L1,3,3,1.365668414,0.9803505,42.31673457,3.00E-04,0.1,89.14509009,-2.02419,1,BCL2L1.PIK3C
T47D,PIK3C,BCL2L1,3,3,0.169085723,1.3533922,26.59477128,3,0.3871042,93.01271584,-7.324946,1,BCL2L1.PIK3C
HCC70,MAP2K_1,BRAF_M2,3,3,1.134123801,3.9014194,22.29178342,3.00E-04,0.1,69.74902181,33.95715,1,BRAF_M2.MAP2K_1
Calu-6,MAP2K_3,BRAF_M2,0.3,3,0.006101896,1.0319,11.92247139,2.60096791,0.6635514,0,72.99028,1,BRAF_M2.MAP2K_3
HCC70,MAP2K_3,BRAF_M2,0.3,3,0.157934699,0.8093723,0,0.143587519,3.4716189,52.2375356,17.70504,1,BRAF_M2.MAP2K_3
MDA-MB-468,MAP2K_3,BRAF_M2,0.3,3,0.083444629,0.7207636,0,0.569190414,1.4686046,40.62565808,123.8324,1,BRAF_M2.MAP2K_3
NCI-H226,MAP2K_3,BRAF_M2,0.3,3,0.003910291,1.1754744,25.56708589,3,1.1612684,23.53723437,46.49948,1,BRAF_M2.MAP2K_3
NCI-H522,MAP2K_3,BRAF_M2,0.3,3,0.3,0.3242523,36.55982852,3,0.1,43.31814705,38.29483,1,BRAF_M2.MAP2K_3
SW900,MAP2K_3,BRAF_M2,0.3,3,0.009723179,0.7649039,0,1.971565975,1.6868179,48.68507978,71.24657,1,BRAF_M2.MAP2K_3
BT-20,CarboTaxol,ATR_4,0.01,3,0.001293151,1.3398002,15.27871789,1.220974786,1.6933584,35.47392445,18.44921,1,ATR_4.CarboTaxol
MDA-MB-436,CarboTaxol,ATR_4,0.01,3,0.000593756,0.9486563,18.80626041,0.970305467,10,61.89951623,18.06379,1,ATR_4.CarboTaxol
MDA-MB-453,CarboTaxol,ATR_4,0.01,3,0.002075777,2.6516115,24.92378837,0.59300047,1.8689566,7.28407993,7.074139,1,ATR_4.CarboTaxol
NCI-H1299,CarboTaxol,ATR_4,0.01,3,0.003051142,2.3951385,17.77042683,1.132615788,10,40.4964961,-22.27042,1,ATR_4.CarboTaxol
NCI-H1703,CarboTaxol,ATR_4,0.01,3,0.00236734,3.1265767,7.76946945,0.581683843,1.8865337,12.78967632,-13.78664,1,ATR_4.CarboTaxol
NCI-H1563,CarboTaxol,BCL2L1,0.003,3,0.000381623,0.4365425,0,0.259961955,0.1,41.84346743,-35.32661,1,BCL2L1.CarboTaxol
NCI-H1793,CarboTaxol,BCL2L1,0.01,3,0.001713771,5.0202263,18.48203208,2.521401073,0.6103643,7.8439113,12.69369,1,BCL2L1.CarboTaxol
NCI-H2228,CarboTaxol,BCL2L1,0.003,3,0.001064842,0.6561295,0,0.20699726,0.7710833,37.70799868,49.68765,1,BCL2L1.CarboTaxol
NCI-H1703,IAP,CHEK1,0.01,0.1,0.000474223,1.9692613,19.66335579,0.011921091,1.267374,17.27719501,5.634045,1,CHEK1.IAP
NCI-H1793,IAP,CHEK1,3,1,1.624157009,0.9994085,46.02822789,0.229907905,4.3030481,8.24114315,51.64542,1,CHEK1.IAP
NCI-H838,IAP,CHEK1,1,1,0.002675764,0.4400314,16.83876795,0.22097996,3.0879504,3.67220635,30.49006,1,CHEK1.IAP
SW780,IAP,CHEK1,0.03,3,0.001738738,0.5088857,33.84597379,1.103124546,10,18.19628645,-105.8234,1,CHEK1.IAP
HCC1569,Chloroquine,AKT,10,3,10,0.7600534,45.44729823,0.935576624,0.5382314,0,-1.601038,1,AKT.Chloroquine
MDA-MB-415,Chloroquine,AKT,10,3,1,0,100,0.002186116,0.5992974,10.20334029,-0.03983346,1,AKT.Chloroquine
BT-20,Chloroquine,AKT_1,3,3,0.648056956,1.243215,53.3920437,0.896469339,0.8392781,19.48791758,21.74764,1,AKT_1.Chloroquine
HCC1187,Chloroquine,AKT_1,10,3,1,0,100,0.089229655,1.1990363,39.11784541,-2.39969,1,AKT_1.Chloroquine
HCC70,Chloroquine,AKT_1,10,3,0.37341892,1.5895237,54.45447051,1.007855783,0.5019029,0,-3.970954,1,AKT_1.Chloroquine
BT-20,PIK3C,Chloroquine,3,3,1.044902953,10,37.99834263,1.143089189,10,77.39853823,58.97872,1,Chloroquine.PIK3C
MDA-MB-157,PIK3C,Chloroquine,3,10,3,0.2443426,7.16511144,0.029233326,1.2303234,68.87533493,-24.85075,1,Chloroquine.PIK3C
T47D,PIK3C,Chloroquine,3,10,0.235029556,0.9789888,15.39980902,10,0.1407211,82.66092519,-14.80213,1,Chloroquine.PIK3C
HT-1197,Cisplatin,AKT,3,1,0.606535515,1.0930815,27.72171755,1,0.5101716,25.69050175,22.90346,1,AKT.Cisplatin
VM-CUB-1,Cisplatin,AKT,3,3,1.518256348,3.4943249,31.60521011,0.33566617,1.8194435,67.23575731,12.5654,1,AKT.Cisplatin
T-24,FGFR,Cisplatin,3,3,3.00E-04,0.1,94.68316024,2.682124569,10,0,-2.680502,1,Cisplatin.FGFR
VM-CUB-1,FGFR,Cisplatin,3,3,1,0,100,1.907945193,2.2350575,0,2.019773,1,Cisplatin.FGFR
HT-1197,HDAC_4,Cisplatin,3,3,1.094770046,2.1932352,24.51144989,0.990582382,1.1222221,24.97020135,-0.7485192,1,Cisplatin.HDAC_4
SW780,HDAC_4,Cisplatin,3,3,0.819844754,0.4804785,0,3,2.270487,33.2512007,2.97875,1,Cisplatin.HDAC_4
HT-1376,PARP1,Cisplatin,3,3,3,0.3894857,47.53595551,1.35495275,1.1686348,0,18.8848,1,Cisplatin.PARP1
T-24,PARP1,Cisplatin,3,3,2.894576245,2.0898349,0,2.253887283,4.9137334,0,22.3704,1,Cisplatin.PARP1
647-V,PIK3C,Cisplatin,3,3,1.703068601,1.3994172,25.69157774,1.506055822,3.4506553,0,10.24573,1,Cisplatin.PIK3C
UM-UC-3,PIK3C,Cisplatin,3,3,2.281752437,1.2613234,0,1.321625149,2.5700303,0,4.513439,1,Cisplatin.PIK3C
HCC1569,CSNK2A1_2,AKT,0.1,3,0.002575237,1.4086728,20.42710761,1.053562061,0.4604586,0,2.081019,1,AKT.CSNK2A1_2
HCC1954,CSNK2A1_2,AKT,0.1,3,0.01468437,1.5005423,0,0.099929169,0.4198502,0,-20.88213,1,AKT.CSNK2A1_2
A549,CSNK2A1_2,ALK,0.1,3,0.014382751,4.7694856,9.22577976,1.466529948,3.0921983,0,7.100497,1,ALK.CSNK2A1_2
Calu-3,CSNK2A1_2,ALK,0.03,3,0.03,10,6.40002058,2.787301614,10,0,12.04267,1,ALK.CSNK2A1_2
NCI-H520,CSNK2A1_2,ALK,0.03,3,0.006781954,1.2025973,11.17625292,1.373212268,10,40.37593366,-8.59929,1,ALK.CSNK2A1_2
Calu-6,CSNK2A1_2,BCL2,0.03,3,0.007262932,1.8127118,8.98911392,1.914496019,0.6209478,0,10.84651,1,BCL2.CSNK2A1_2
NCI-H1975,CSNK2A1_2,BCL2,0.03,3,0.01158232,10,34.79520249,0.977554641,10,76.99966542,14.08155,1,BCL2.CSNK2A1_2
NCI-H2170,CSNK2A1_2,BCL2,0.03,3,0.007272919,2.0062382,8.74546095,0.567661533,2.0551324,11.22311139,28.75533,1,BCL2.CSNK2A1_2
NCI-H1437,CSNK2A1_2,CarboTaxol,0.1,0.003,0.009258685,1.8364352,8.7509488,0.001002224,1.2075296,0,-14.43279,1,CarboTaxol.CSNK2A1_2
NCI-H2228,CSNK2A1_2,CarboTaxol,0.1,0.003,0.042583286,0.7604713,0,0.000373173,0.7797232,20.90193119,6.70019,1,CarboTaxol.CSNK2A1_2
NCI-H23,CSNK2A1_2,CarboTaxol,0.1,0.01,0.007414113,1.6659403,12.42717892,0.001584963,3.3418519,11.99897864,-6.516483,1,CarboTaxol.CSNK2A1_2
NCI-H1299,CSNK2A1_2,Carboplatin,0.1,3,0.024876125,2.6000662,10.16620372,3,1.8697169,3.93322047,0.9183681,1,Carboplatin.CSNK2A1_2
NCI-H358,CSNK2A1_2,Carboplatin,0.1,3,0.012691524,3.7198599,16.20529712,1.354043748,2.7891099,29.37503359,-21.99008,1,Carboplatin.CSNK2A1_2
NCI-H838,CSNK2A1_2,Carboplatin,0.1,3,0.008272778,3.7110122,6.79267906,2.693913068,1.5999744,0,-1.941142,1,Carboplatin.CSNK2A1_2
NCI-H1437,Gemcitabine,CSNK2A1_2,0.01,0.1,0.001667889,1.1211908,0,0.010409617,3.6648276,11.24592098,-23.36822,1,CSNK2A1_2.Gemcitabine
NCI-H358,Gemcitabine,CSNK2A1_2,0.01,0.1,0.002530932,1.7516636,23.08445443,0.011943953,4.3736996,16.052937,-13.62375,1,CSNK2A1_2.Gemcitabine
SW900,Gemcitabine,CSNK2A1_2,0.01,0.01,0.000962072,1.8191389,2.15592716,0.003443326,1.7672931,26.88137303,-3.858157,1,CSNK2A1_2.Gemcitabine
NCI-H2291,SYK,CSNK2A1_2,3,0.01,3,3.4009763,50.21798415,0.002057764,2.3682484,27.66754929,4.295854,1,CSNK2A1_2.SYK
NCI-H838,SYK,CSNK2A1_2,3,0.1,1.419921947,2.3559704,0,0.007698884,2.7921914,5.94178745,3.956226,1,CSNK2A1_2.SYK
SW900,SYK,CSNK2A1_2,3,0.01,2.290071398,1.1174283,67.63992051,0.003260927,2.3923903,24.98609677,8.287549,1,CSNK2A1_2.SYK
HT-1376,PARP1,EG5,3,0.1,0.311349038,1.4654379,79.97316639,0.001416261,3.5182636,28.66965575,-1.325124,1,EG5.PARP1
SW780,PARP1,EG5,3,0.003,1,0,100,0.003,10,90.0001759,3.447342,1,EG5.PARP1
J82,PIM1,EG5,3,3,0.267582028,10,85.099794,3.00E-04,0.1284361,0,-10.84592,1,EG5.PIM1
UM-UC-3,PIM1,EG5,3,0.003,1,0,100,0.003,0.5049423,76.15649905,-12.11929,1,EG5.PIM1
CAL-148,EGFR,AKT,0.1,1,1,0,100,0.162319599,1.3631106,2.02655845,-2.131063,1,AKT.EGFR
HCC1395,EGFR,AKT,0.1,1,0.1,0.4261941,80.05843793,1,0.5928175,7.74697569,3.127815,1,AKT.EGFR
HCC1806,EGFR,AKT,0.1,1,0.029961206,0.5962754,88.31469082,1,0.9214231,14.53775333,-12.6608,1,AKT.EGFR
MDA-MB-453,EGFR,AKT,0.1,1,0.043143834,0.5671667,15.13881156,0.328942733,0.7399684,0,19.15694,1,AKT.EGFR
CAL-51,EGFR,AKT_1,0.1,1,1,0,100,0.977003008,1.0188974,19.31764302,-21.38677,1,AKT_1.EGFR
DU-4475,EGFR,AKT_1,0.1,1,1.00E-05,0.1,83.94014821,0.078925759,0.72026,0,5.43217,1,AKT_1.EGFR
HCC1428,EGFR,AKT_1,0.1,1,1,0,100,1,0,100,8.190506,1,AKT_1.EGFR
M14,EGFR,AKT_1,0.1,1,0.030131975,10,54.39967831,0.384641138,10,85.6989845,28.0483,1,AKT_1.EGFR
CAL-120,EGFR,BCL2_BCL2L1,0.1,1,1,0,100,0.215417311,3.6339894,52.02142142,21.10392,1,BCL2_BCL2L1.EGFR
CAL-148,EGFR,BCL2_BCL2L1,0.1,1,0.000285844,0.4659597,85.2267804,0.588688968,0.8381519,0,-20.48469,1,BCL2_BCL2L1.EGFR
MDA-MB-468,EGFR,BCL2_BCL2L1,0.1,1,0.030563594,10,80.59985616,0.234753039,1.7962167,68.60642773,62.1331,1,BCL2_BCL2L1.EGFR
M14,EGFR,BCL2_BCL2L1,0.1,1,0.001654296,10,65.22546996,0.066519498,0.869822,11.10838234,13.09637,1,BCL2_BCL2L1.EGFR
CAL-120,FGFR,EGFR,1,0.1,1,0,100,1,0,100,64.61455,1,EGFR.FGFR
HCC1806,FGFR,EGFR,1,0.1,1,0,100,1,0,100,5.660617,1,EGFR.FGFR
MDA-MB-436,FGFR,EGFR,1,0.1,0.309958856,3.9216531,87.17232064,0.008822941,2.5198008,89.59765326,1.363866,1,EGFR.FGFR
HCC1143,MAP2K_1,EGFR,1,0.1,0.104298017,0.5386355,37.7684237,0.002267173,2.192802,70.66305743,52.58064,1,EGFR.MAP2K_1
HCC1806,MAP2K_1,EGFR,1,0.1,0.658238167,0.9409637,0,1,0,100,26.1741,1,EGFR.MAP2K_1
HCC1937,MAP2K_1,EGFR,1,0.1,0.179960049,0.4899322,71.73396275,0.1,0.3321522,60.01380973,38.84389,1,EGFR.MAP2K_1
MDA-MB-436,MAP2K_1,EGFR,1,0.1,0.82898958,0.3982046,29.82804782,0.1,0.1676818,89.55853662,27.72996,1,EGFR.MAP2K_1
BT-20,EGFR_2,AKT_1,3,3,3,0.3188101,43.73266826,0.833784103,1.4151731,39.34849543,41.39775,1,AKT_1.EGFR_2
HCC1569,EGFR_2,AKT_1,3,3,3,0.5070528,64.82807858,1.416429521,0.4694591,0,24.62082,1,AKT_1.EGFR_2
MDA-MB-468,EGFR_2,AKT_1,3,3,0.071432575,1.7990408,63.5254934,3,0.6228194,9.84009952,71.33031,1,AKT_1.EGFR_2
NCI-H1793,EGFR_2,ALK,1,3,0.092042374,1.0666097,56.09847294,1.387846277,1.2760215,0,32.07535,1,ALK.EGFR_2
NCI-H2085,EGFR_2,ALK,1,3,0.10644861,0.7679748,53.32844048,0.993165393,1.3435483,0,27.82958,1,ALK.EGFR_2
NCI-H3122,EGFR_2,ALK,1,3,1.00E-04,0.1,88.8826782,0.040189034,3.2547823,0,22.76955,1,ALK.EGFR_2
NCI-H520,EGFR_2,ALK,1,3,1,0,100,1.175136704,10,43.9952343,-8.235301,1,ALK.EGFR_2
BT-549,ERBB,AKT,1,1,0.081206639,1.8233599,91.94821922,0.258617958,0.9133761,40.62102145,-1.692525,1,AKT.ERBB
HCC38,ERBB,AKT,1,1,0.006389758,2.6665614,93.39100746,1,10,58.20015104,11.16846,1,AKT.ERBB
MDA-MB-361,ERBB,AKT,3,3,0.383628185,0.8768329,31.51967741,0.552563933,1.6605931,19.58940353,64.45,1,AKT.ERBB
MDA-MB-415,ERBB,AKT,3,3,1,0,100,0.001394273,0.3428545,5.93422118,7.746167,1,AKT.ERBB
MFM-223,ERBB,AKT,1,1,1,0,100,0.172915547,1.2903723,5.18120969,13.76105,1,AKT.ERBB
T47D,ERBB,AKT,3,3,3,0.404456,27.56679948,0.12829564,1.1304723,22.01044475,35.35149,1,AKT.ERBB
CAL-51,FGFR,ERBB,1,1,1,0.417675,56.75818538,0.028840911,2.0030046,89.92026873,17.36062,1,ERBB.FGFR
HCC38,FGFR,ERBB,1,1,0.009016494,1.897804,74.28632144,1.00E-04,0.1,79.88362416,57.08667,1,ERBB.FGFR
MDA-MB-453,FGFR,ERBB,1,1,0.167025949,3.2410223,24.21889756,0.291891629,10,52.99968341,6.498541,1,ERBB.FGFR
SW780,FGFR,ERBB,3,3,3,0.3320148,74.23993951,1,0,100,204.428,1,ERBB.FGFR
UM-UC-3,IAP,ERBB,0.03,3,0.010754574,0.7922126,44.97773519,1.171231333,10,71.29763815,-25.61069,1,ERBB.IAP
VM-CUB-1,IAP,ERBB,0.03,3,0.000857686,0.8738978,68.90870128,0.225437116,1.6158552,55.80619652,-37.74965,1,ERBB.IAP
BT-549,MAP2K_1,ERBB,1,1,0.005192112,0.624951,88.12310529,0.0123139,10,90.94989124,2.70114,1,ERBB.MAP2K_1
CAL-51,MAP2K_1,ERBB,1,1,1,1.3310187,73.36592895,0.257612686,0.9925133,89.70562878,9.323546,1,ERBB.MAP2K_1
HCC1143,MAP2K_1,ERBB,1,1,0.118651306,0.6051671,41.69691614,0.024765711,0.9241656,66.08451067,59.8119,1,ERBB.MAP2K_1
MDA-MB-436,MAP2K_1,ERBB,1,1,0.135917665,0.7861311,61.929832,1,10,89.60004964,24.92586,1,ERBB.MAP2K_1
TCCSUP,MAP2K_1,ERBB,3,3,3,0.2435111,20.96653681,0.005517601,0.1,80.05402492,5.529834,1,ERBB.MAP2K_1
HCC1428,MTOR_1,ERBB,1,1,0.315108551,2.8645538,56.88731933,1,0,100,5.157013,1,ERBB.MTOR_1
HCC1937,MTOR_1,ERBB,1,1,1,0.641336,52.52692906,0.009695573,0.471611,75.25696822,23.61464,1,ERBB.MTOR_1
HCC70,MTOR_1,ERBB,1,3,0.064909015,0.4940163,8.03429794,0.273500848,2.0729132,22.08600937,29.53267,1,ERBB.MTOR_1
MDA-MB-157,MTOR_1,ERBB,1,3,0.290855749,0.6235687,0,3,1.4364923,43.57832043,18.35449,1,ERBB.MTOR_1
MDA-MB-453,MTOR_1,ERBB,1,3,0.075188868,2.2003422,10.96763568,3,0.6133918,16.05737997,20.87591,1,ERBB.MTOR_1
MFM-223,MTOR_1,ERBB,1,1,0.23037477,1.1788859,13.09654086,0.132329533,10,92.69998791,-9.382325,1,ERBB.MTOR_1
BT-549,PIK3CA_4,ERBB,1,1,0.230691507,2.1474767,79.2439519,0.302351484,10,84.5998192,-10.93652,1,ERBB.PIK3CA_4
CAL-51,PIK3CA_4,ERBB,1,1,1,1.0106082,36.57537551,1,10,83.20004,9.452282,1,ERBB.PIK3CA_4
HCC1806,PIK3CA_4,ERBB,1,1,0.321987467,9.9969555,67.59961023,1,0,100,-11.43228,1,ERBB.PIK3CA_4
MDA-MB-468,PIK3CA_4,ERBB,1,1,1,0,100,0.106504288,10,88.19987609,17.9368,1,ERBB.PIK3CA_4
BT-20,ESR1,AKT_1,1,1,1,10,71.400137,1,0.702248,32.53976558,-5.961399,1,AKT_1.ESR1
HCC1806,ESR1,AKT_1,1,1,1.00E-04,0.1,90.02118668,0.273372078,0.9882436,8.62472403,-12.48655,1,AKT_1.ESR1
MDA-MB-157,ESR1,AKT_1,1,1,0.186127539,10,85.56445309,1,0.4812878,39.83896365,4.528651,1,AKT_1.ESR1
MDA-MB-436,ESR1,AKT_1,1,1,1,0,100,0.209500176,10,91.68876846,-10.63758,1,AKT_1.ESR1
CAL-120,FGFR,ESR1,1,1,0.108075147,10,79.04977057,1,10,94.40013699,-6.589827,1,ESR1.FGFR
HCC38,FGFR,ESR1,1,1,0.041240988,2.6584512,86.28070223,1,0,100,16.90874,1,ESR1.FGFR
M14,FGFR,ESR1,1,1,1,10,82.00012335,0.008122442,10,92.35001207,-5.12609,1,ESR1.FGFR
HCC1143,MAP2K_1,ESR1,1,1,0.045678887,0.5617985,42.03154383,1,0,100,-12.28567,1,ESR1.MAP2K_1
HCC1395,MAP2K_1,ESR1,1,1,0.095793838,2.040157,80.8140491,1,0,100,-3.405475,1,ESR1.MAP2K_1
HCC70,MAP2K_1,ESR1,1,1,0.219001477,1.3892379,85.90180756,1,0,100,10.45204,1,ESR1.MAP2K_1
CAL-148,MTOR_1,ESR1,1,1,0.312023059,1.5130911,54.63454116,1,0,100,1.979788,1,ESR1.MTOR_1
HCC1143,MTOR_1,ESR1,1,1,0.402346978,1.4089981,29.89361118,1,0,100,-2.400857,1,ESR1.MTOR_1
HCC1937,MTOR_1,ESR1,1,1,0.877923176,1.267568,68.08851009,1,0,100,9.233516,1,ESR1.MTOR_1
HCC38,MTOR_1,ESR1,1,1,0.311301484,10,72.09972753,1,0,100,10.82576,1,ESR1.MTOR_1
HCC1419,ESR1_1,AKT_1,3,3,3,0.3190277,33.13885177,0.178712822,0.7958327,26.01135908,44.72711,1,AKT_1.ESR1_1
HCC70,ESR1_1,AKT_1,3,3,3,0.6687548,12.10744555,0.324778662,0.6096475,8.78707724,47.84539,1,AKT_1.ESR1_1
MDA-MB-361,ESR1_1,AKT_1,3,3,3,0.1590072,51.14478884,0.112282109,0.8961353,16.79053617,44.39475,1,AKT_1.ESR1_1
BT-20,MTOR_1,ESR1_1,1,0.1,0.093441419,0.8461883,23.43664626,0.1,1.473225,57.35600307,6.625989,1,ESR1_1.MTOR_1
HCC1419,MTOR_1,ESR1_1,1,3,0.13897006,2.8938539,27.92175386,3,0.4048805,41.50936664,-4.299855,1,ESR1_1.MTOR_1
HCC1954,MTOR_1,ESR1_1,1,3,0.081643185,1.2335869,13.50728836,3,10,44.60063679,5.452487,1,ESR1_1.MTOR_1
CAMA-1,PIK3C,ESR1_1,3,3,0.620957519,0.9706899,3.91742228,3.00E-04,0.1,4.92405603,19.46396,1,ESR1_1.PIK3C
MDA-MB-157,PIK3C,ESR1_1,3,3,2.069418652,1.3592659,51.79273949,1,0,100,38.15052,1,ESR1_1.PIK3C
T47D,PIK3C,ESR1_1,3,3,0.247457782,1.6930163,31.39296705,3.00E-04,0.1,42.02179426,75.39762,1,ESR1_1.PIK3C
BT-20,MTOR_1,ESR1_3,1,3,0.110073969,1.9843095,36.43332744,3,10,88.60050091,7.238992,1,ESR1_3.MTOR_1
HCC1419,MTOR_1,ESR1_3,1,3,0.172272971,2.7039309,25.58131442,0.588195508,0.56538,52.31852569,13.10612,1,ESR1_3.MTOR_1
HCC70,MTOR_1,ESR1_3,1,3,0.205697202,0.8465197,17.57270552,0.000409226,8.457043,89.02,36.89121,1,ESR1_3.MTOR_1
CAL-120,FASN,BCL2_BCL2L1,1,1,1,10,94.00040848,0.169296276,2.9721636,40.01069861,30.52438,1,BCL2_BCL2L1.FASN
CAL-51,FASN,BCL2_BCL2L1,1,1,1,10,86.60003064,1,0.6350668,76.89840815,0.4551664,1,BCL2_BCL2L1.FASN
CAMA-1,FASN,BCL2_BCL2L1,1,1,0.103151706,1.0030976,84.12567546,0.224475039,0.7271729,78.71509392,-2.209088,1,BCL2_BCL2L1.FASN
HCC1428,FASN,BCL2_BCL2L1,1,1,0.248310348,10,90.79709201,0.120980806,1.2287857,10.01448914,36.954,1,BCL2_BCL2L1.FASN
BT-20,MAP2K_1,FASN,1,1,0.071948398,1.0582311,54.5009931,0.196457344,0.995318,55.84193717,29.03847,1,FASN.MAP2K_1
HCC1395,MAP2K_1,FASN,1,1,1,0.5016211,65.64993088,0.176588975,0.4262742,94.77660351,28.34448,1,FASN.MAP2K_1
HCC70,MAP2K_1,FASN,1,1,0.330135662,0.6530727,43.04128946,1.00E-04,4.2105905,92.54,17.56783,1,FASN.MAP2K_1
CAL-120,MTOR_1,FASN,1,1,0.171315614,2.3269442,36.5396871,1.00E-04,0.1,87.99573703,-8.240528,1,FASN.MTOR_1
DU-4475,MTOR_1,FASN,1,1,0.125839549,1.1479737,20.10679926,1,1.1325263,63.38914574,2.832365,1,FASN.MTOR_1
HCC70,MTOR_1,FASN,1,1,0.571858203,0.7609342,0,1.00E-04,0.1,93.05816763,-16.79818,1,FASN.MTOR_1
MDA-MB-436,MTOR_1,FASN,1,1,0.181697703,2.6424512,26.45543901,1,10,91.40004727,0.463901,1,FASN.MTOR_1
BT-20,FGFR,AKT,1,1,1,0.4668495,61.53093623,1,0.4287568,45.88606427,-0.467887,1,AKT.FGFR
MCF7,FGFR,AKT,3,3,2.679616075,1.3307877,0,0.908092246,0.702925,1.58706786,-8.702746,1,AKT.FGFR
MDA-MB-157,FGFR,AKT,1,1,0.032313358,2.0290003,34.19172492,0.197096176,10,84.28574708,13.30299,1,AKT.FGFR
NCI-H1703,FGFR,AKT,3,3,1.841599454,1.2789177,0,0.247722223,1.3437034,10.89229633,-13.64501,1,AKT.FGFR
BFTC-905,FGFR,BCL2_BCL2L1,3,3,3,10,37.00077907,0.625625481,2.1850888,70.48733796,3.842503,1,BCL2_BCL2L1.FGFR
BT-474,FGFR,BCL2_BCL2L1_BCL2L2,1,1,1,0,100,1,10,80.40013467,-29.48545,1,BCL2_BCL2L1_BCL2L2.FGFR
DMS-114,FGFR,BCL2_BCL2L1_BCL2L2,3,3,0.162277276,2.3048242,13.9406136,3,0.4522001,46.50628312,-9.745648,1,BCL2_BCL2L1_BCL2L2.FGFR
NCI-H1703,FGFR,BCL2_BCL2L1_BCL2L2,3,3,1.653280869,1.463597,9.20427318,3,1.180008,29.24422511,29.35147,1,BCL2_BCL2L1_BCL2L2.FGFR
NCI-H1703,FGFR,Chloroquine,3,3,1.963903426,1.4700424,0,1.060548173,10,15.9973802,-13.81034,1,Chloroquine.FGFR
NCI-H520,FGFR,Chloroquine,3,3,0.065640497,2.1417923,65.87658414,1.221289976,10,82.39779888,5.047053,1,Chloroquine.FGFR
KATOIII,FGFR,ERBB,0.01,3,0.003634138,10,16.69664972,1.038881066,10,72.39928163,7.404942,1,ERBB.FGFR
KMS-11,FGFR,ERBB,0.03,3,0.015902129,10,47.80876161,3.00E-04,0.1,90.39976905,-21.53985,1,ERBB.FGFR
MFM-223,MTOR_1,FGFR,1,1,0.30660881,1.2928065,6.99968599,0.126364602,0.6045424,5.06832069,24.27678,1,FGFR.MTOR_1
NCI-H520,MTOR_1,FGFR,1,3,0.167678484,1.5174547,17.9419016,0.158357927,1.2399322,63.31397229,73.34624,1,FGFR.MTOR_1
SW780,MTOR_1,FGFR,1,3,0.38467641,2.4304769,11.6095278,0.629725411,0.4551813,0,-33.1241,1,FGFR.MTOR_1
CAMA-1,MTOR_3,FGFR,1,1,1.00E-04,0.1,7.97685877,0.118318271,10,86.5995992,19.8305,1,FGFR.MTOR_3
HCC1500,MTOR_3,FGFR,1,1,0.000216788,9.7969963,11.28000002,0.337601849,0.6963943,0,8.332362,1,FGFR.MTOR_3
CAMA-1,PIK3C_MTOR,FGFR,1,1,0.250437041,3.7149164,33.62354946,1,0,100,25.62621,1,FGFR.PIK3C_MTOR
HCC1419,PIK3C_MTOR,FGFR,1,1,0.12200796,6.9023043,12.96205668,1,0,100,-6.69035,1,FGFR.PIK3C_MTOR
HCC1419,Proteasome_2,FGFR,1,1,0.009430277,1.7571689,11.00780425,1,0,100,1.368283,1,FGFR.Proteasome_2
NCI-H1703,Proteasome_2,FGFR,0.1,3,0.002212558,3.1176491,1.70475336,1.937457758,1.1428852,0,9.185287,1,FGFR.Proteasome_2
T47D,Proteasome_2,FGFR,1,1,0.009713884,2.767486,17.31750405,1,0,100,-5.235631,1,FGFR.Proteasome_2
CAL-120,WNT,FGFR,3,3,0.133972924,1.023512,9.1872469,0.057380913,0.5757463,39.49222786,16.16667,1,FGFR.WNT
DMS-114,WNT,FGFR,3,3,0.446755627,1.8085165,13.1382737,0.195975682,2.9804496,19.03665147,-9.653183,1,FGFR.WNT
647-V,Gemcitabine,ATM,0.1,3,0.005075814,3.2545559,0,0.226768089,0.5797274,93.80555298,7.063501,1,ATM.Gemcitabine
HT-1197,Gemcitabine,ATM,0.1,3,0.007324043,3.2664685,27.18859927,1,0,100,11.54289,1,ATM.Gemcitabine
HT-1197,Gemcitabine,BCL2_BCL2L1,0.1,3,0.005788002,1.4162832,16.32763017,2.999999986,0.1554789,70.31722527,26.631,1,BCL2_BCL2L1.Gemcitabine
VM-CUB-1,Gemcitabine,BCL2_BCL2L1,0.1,3,0.004717763,3.5970624,6.47459912,0.1205262,0.8878901,82.90464943,22.02222,1,BCL2_BCL2L1.Gemcitabine
TCCSUP,Gemcitabine,ERBB,0.1,3,0.002802787,3.8470733,8.07273307,3,0.7260776,85.11499845,2.7314,1,ERBB.Gemcitabine
VM-CUB-1,Gemcitabine,ERBB,0.1,3,0.006025116,3.7795979,5.26628384,1.374169974,10,79.99186752,-10.00253,1,ERBB.Gemcitabine
647-V,PARP1,Gemcitabine,3,0.1,3,0.6527785,46.91729919,0.004799331,3.4740091,0,17.45411,1,Gemcitabine.PARP1
TCCSUP,PARP1,Gemcitabine,3,0.1,2.410466004,1.4969622,40.85989718,0.003107803,10,9.36636465,-1.577607,1,Gemcitabine.PARP1
BFTC-905,HDAC_4,ATR_4,3,3,0.374906334,1.9765672,14.81859184,1.044105178,3.3772771,11.56544786,-24.89871,1,ATR_4.HDAC_4
KU-19-19,HDAC_4,ATR_4,3,3,0.998240139,10,9.39842698,1.30925985,10,22.58060061,-29.57516,1,ATR_4.HDAC_4
SW780,PARP1,HDAC_4,3,3,3.00E-04,0.1,86.19900658,0.610024428,0.4057367,0,10.51917,1,HDAC_4.PARP1
HT-1197,PARP1,HSP90,3,3,0.791847226,2.8446611,69.75836011,0.130405802,2.2772262,23.54810099,11.94276,1,HSP90.PARP1
UM-UC-3,PARP1,HSP90,3,0.3,1.079807281,9.6896008,85.09925471,0.116048569,10,19.09393048,35.66215,1,HSP90.PARP1
A549,IAP,ATR_4,3,3,3,0.2487201,67.64209935,1.263161499,10,39.88947427,12.82149,1,ATR_4.IAP
J82,IAP,ATR_4,3,3,0.002601207,0.3573043,11.42696557,3,1.2176992,2.10992066,-5.438657,1,ATR_4.IAP
NCI-H2170,IAP,ATR_4,3,3,0.037019162,0.3008634,74.60744959,1.069807748,10,59.39864103,-41.92062,1,ATR_4.IAP
NCI-H3122,IAP,ATR_4,0.3,3,1,0,100,1.028532131,10,9.09788521,21.20925,1,ATR_4.IAP
TCCSUP,IAP,ATR_4,0.03,3,0.000288249,0.5492587,68.53877242,0.83632105,2.2925507,18.38265089,32.46173,1,ATR_4.IAP
BT-20,IAP,BCL2L1,3,3,3,0.2413087,54.24787282,3,0.1555315,50.03301287,102.0156,1,BCL2L1.IAP
CAMA-1,IAP,BCL2L1,3,3,3.00E-04,0.1248447,0,3,0.2902079,70.81677582,18.39544,1,BCL2L1.IAP
HCC1569,IAP,BCL2L1,3,3,3,0.1085743,8.08198875,0.658420637,0.358655,0,90.18785,1,BCL2L1.IAP
HCC70,IAP,BCL2L1,3,3,0.27927852,2.3054186,5.09486803,0.17163925,1.8556368,6.52229087,0.9717134,1,BCL2L1.IAP
MDA-MB-468,IAP,BCL2L1,3,3,3,0.2762553,20.82908552,3,0.4733886,41.89303947,58.66853,1,BCL2L1.IAP
NCI-H522,IAP,BCL2L1,0.3,3,0.006451814,0.1998991,0,3,0.1400977,58.52534958,69.62387,1,BCL2L1.IAP
BFTC-905,IAP,BCL2_BCL2L1,3,3,3.00E-04,0.2736087,0,0.911424148,0.6483392,53.90823509,0.1546429,1,BCL2_BCL2L1.IAP
SW780,IAP,BCL2_BCL2L1,0.03,0.3,0.005467255,1.3553328,77.00415227,0.016176724,1.0728676,21.71148378,34.44409,1,BCL2_BCL2L1.IAP
RKO,IAP,CHEK1,1,0.3,0.058438588,1.0379582,79.40308627,0.3,10,63.00048755,-1.013762,1,CHEK1.IAP
SW620,IAP,CHEK1,1,0.3,1,0,100,0.170878759,1.8309914,0,32.23485,1,CHEK1.IAP
SW837,IAP,CHEK1,1,0.3,0.163906894,10,78.18733988,0.071997073,2.2176517,4.37139022,24.55307,1,CHEK1.IAP
DMS-114,IAP,Doxorubicin,3,0.1,3,0.4235042,35.98453149,0.023659348,1.8431607,4.92517525,-4.409151,1,Doxorubicin.IAP
NCI-H1299,IAP,Doxorubicin,1,0.3,0.039999104,1.0226315,32.13273654,0.045728801,1.9503025,11.86169409,27.86671,1,Doxorubicin.IAP
NCI-H2085,IAP,Doxorubicin,3,0.3,0.484774562,0.2282585,0,0.027462422,2.0729148,28.00102002,25.40615,1,Doxorubicin.IAP
NCI-H747,IGFR_3,IAP,10,1,0.001,0.1,81.38826089,0.353273754,0.2303135,0,-13.80457,1,IAP.IGFR_3
RKO,IGFR_3,IAP,10,1,10,10,78.40000727,1,0.3341029,69.19620717,48.43133,1,IAP.IGFR_3
C32,IGFR_4,IAP,10,1,2.379182108,1.4905517,0,0.007268108,10,10.14999373,2.807034,1,IAP.IGFR_4
NCI-H747,IGFR_4,IAP,10,1,3.899046564,0.4971337,0,0.44542787,0.3234488,0,53.06527,1,IAP.IGFR_4
NCI-H747,JAK,IAP,3,1,1.339340206,2.2018972,33.0081423,0.397992597,0.2358632,0,5.876439,1,IAP.JAK
SW48,JAK,IAP,3,1,0.67331293,1.5848742,0,1.00E-04,0.1,82.277743,-2.786328,1,IAP.JAK
LS-513,Oxaliplatin,IAP,10,1,0.01246676,1.1353141,4.57931069,1,0,100,2.36097,1,IAP.Oxaliplatin
SW948,Oxaliplatin,IAP,10,1,0.279153446,0.8643045,0,1,1.8822033,61.33113919,35.43493,1,IAP.Oxaliplatin
HT-1197,PARP1,IAP,3,3,3,0.3907749,27.82479626,3,2.3615168,19.71799824,21.09236,1,IAP.PARP1
J82,PARP1,IAP,3,3,3,0.6023169,63.27132409,3.00E-04,0.1426104,0,9.118329,1,IAP.PARP1
SW780,PARP1,IAP,3,0.03,1,0,100,0.002992572,0.993817,61.11208579,33.42572,1,IAP.PARP1
Calu-6,PIK3C,IAP,3,1,0.57338975,4.0311942,84.389454,1.00E-04,0.1,46.53474692,2.426966,1,IAP.PIK3C
NCI-H1703,PIK3C,IAP,1,0.01,0.152453625,1.1468041,24.1824523,0.000528045,1.7153844,17.77994952,14.25666,1,IAP.PIK3C
NCI-H1975,PIK3C,IAP,3,3,0.512136654,1.0369947,0,3,0.2250203,9.19538443,26.36774,1,IAP.PIK3C
NCI-H226,PIK3C,IAP,3,3,1.394163438,0.7136726,0,0.001957559,0.4479579,28.46901951,18.38537,1,IAP.PIK3C
NCI-H747,PIK3C,IAP,10,1,0.871348994,0.8007209,23.59191338,0.856175261,0.2455091,0,40.83189,1,IAP.PIK3C
SW900,PIK3C,IAP,3,3,1.025351509,0.7314993,7.85269426,0.424314156,0.1694721,0,15.42246,1,IAP.PIK3C
DMS-114,PIK3CA_3,IAP,3,3,3,0.69097,51.34319195,3,0.4611838,39.94274636,10.92002,1,IAP.PIK3CA_3
NCI-H1437,PIK3CA_3,IAP,3,1,3,0.3152923,51.60621951,1,0.1760274,36.48607472,15.56919,1,IAP.PIK3CA_3
NCI-H1563,PIK3CA_3,IAP,3,0.01,3,0.7853314,36.41701667,7.76E-05,1.5607188,2.31354894,0.4365192,1,IAP.PIK3CA_3
C32,PIK3CB,IAP,10,1,3.223478427,10,88.09985463,0.000333687,9.5746982,11.51999997,-2.214615,1,IAP.PIK3CB
NCI-H1975,PIK3CB,IAP,3,3,2.046294895,0.7328419,35.50285478,3,0.220017,49.11787935,19.58189,1,IAP.PIK3CB
NCI-H23,PIK3CB,IAP,3,1,3,0.7339326,26.64030656,0.004655502,0.4110701,42.2383301,43.32574,1,IAP.PIK3CB
NCI-H838,PIK3CB,IAP,3,1,3,0.4262445,37.34401097,0.006411171,0.3436238,0.62479262,22.38181,1,IAP.PIK3CB
SW900,PIK3CB,IAP,3,3,3,0.9627544,24.6331787,0.936752412,0.1887278,0,-2.865059,1,IAP.PIK3CB
SW620,PTK2,IAP,1,1,0.34987049,10,24.79792778,1,0,100,9.01063,1,IAP.PTK2
SW948,PTK2,IAP,3,1,0.324953577,1.3080339,0,0.946977043,2.4471263,0,15.78505,1,IAP.PTK2
COLO-205,SN38,IAP,0.003,1,0.000552736,1.6908758,0,0.00249393,0.1,57.1295758,-7.244477,1,IAP.SN38
NCI-H747,SN38,IAP,0.03,1,0.002633995,1.1325223,13.43050324,0.32065911,0.2167535,5.88149686,19.22567,1,IAP.SN38
647-V,TNF,IAP,0.1,0.003,1,0,100,0.000707586,1.3404276,0,-1.557282,1,IAP.TNF
BFTC-905,TNF,IAP,0.1,3,0.001720785,0.9096527,49.75412054,3.00E-04,0.2884262,0,28.91351,1,IAP.TNF
CAL-120,TNF,IAP,0.1,3,0.000649149,0.3950074,54.23023311,3.00E-04,0.1,6.50114385,127.6604,1,IAP.TNF
A549,TOP2_2,IAP,1,3,0.315330907,10,22.99923162,3,0.3599984,66.0179837,12.05567,1,IAP.TOP2_2
NCI-H1299,TOP2_2,IAP,3,1,0.385978622,1.3167063,14.57795302,0.07258159,0.8457787,27.08337688,43.57277,1,IAP.TOP2_2
NCI-H520,TOP2_2,IAP,3,3,0.994127122,2.3343208,43.16733927,1,0,100,-11.37278,1,IAP.TOP2_2
NCI-H1299,Topotecan,IAP,0.1,1,0.016059731,2.3748248,24.609814,0.068787765,0.7088807,20.93062426,36.02865,1,IAP.Topotecan
NCI-H1437,Topotecan,IAP,0.1,1,0.057305905,1.1156023,0,1.00E-04,0.1,53.61059083,18.65037,1,IAP.Topotecan
SW900,Topotecan,IAP,0.1,3,0.080531765,0.9240777,0,0.172245328,0.1661684,0,32.38765,1,IAP.Topotecan
Calu-6,Vinorelbine,IAP,0.03,1,0.011335888,10,38.29633683,1.00E-04,0.1,54.26004798,54.23792,1,IAP.Vinorelbine
NCI-H1299,Vinorelbine,IAP,0.3,1,0.049063508,1.9844675,22.55955643,0.062093963,1.1332532,34.35333056,34.9204,1,IAP.Vinorelbine
NCI-H522,Vinorelbine,IAP,0.01,0.3,0.004795077,10,56.07178889,0.012336878,0.2148097,0,25.43239,1,IAP.Vinorelbine
COLO-205,MTOR,JAK,0.3,3,0.272883217,1.2562361,0,1.384511348,3.0631952,0,-16.23111,1,JAK.MTOR
HT-29,MTOR,JAK,0.3,3,0.184531863,2.6229463,19.64663075,1.087289687,10,22.89697826,-48.12893,1,JAK.MTOR
TCCSUP,MAP2K_1,ATR_4,3,3,3,0.4484916,24.13100673,0.706090879,2.2309853,19.39614188,0.5084117,1,ATR_4.MAP2K_1
VM-CUB-1,MAP2K_1,ATR_4,3,3,0.355139415,1.4213066,69.47239212,3,10,14.60037271,-12.77849,1,ATR_4.MAP2K_1
VM-CUB-1,MAP2K_1,BCL2_BCL2L1,3,3,0.29412974,2.2461362,78.41553125,0.095586047,1.9034955,84.01795967,-7.307753,1,BCL2_BCL2L1.MAP2K_1
NCI-H747,MAP2K_1,BRAF_M,0.1,3,0.013086096,2.4217679,38.01098628,3.00E-04,4.0393251,88.16,16.32424,1,BRAF_M.MAP2K_1
NCI-H3122,MAP2K_1,BRAF_M,3,3,0.296123307,0.3888823,0,1,0,100,-72.64488,1,BRAF_M.MAP2K_1
NCI-H520,MAP2K_1,BRAF_M,3,3,1,0,100,1,0,100,4.193453,1,BRAF_M.MAP2K_1
SW900,MAP2K_1,BRAF_M,3,3,0.143415907,0.518228,28.12162653,3,0.7856947,68.00367574,-11.86929,1,BRAF_M.MAP2K_1
HCT-116,MAP2K_1,BRAF_M2,3,3,0.225124954,1.1725516,14.25263277,0.753386654,1.9386495,9.67397343,97.72453,1,BRAF_M2.MAP2K_1
NCI-H1299,MAP2K_1,BRAF_M2,3,3,0.089377257,0.890998,22.39677892,1.503496148,1.0081371,25.50574039,64.31644,1,BRAF_M2.MAP2K_1
NCI-H1793,MAP2K_1,BRAF_M2,3,3,0.169707583,0.5525507,24.91002329,1.70261933,1.2573363,58.40729322,54.01353,1,BRAF_M2.MAP2K_1
NCI-H358,MAP2K_1,BRAF_M2,3,3,1.53115213,1.3063271,45.07597537,3.00E-04,0.1,84.20248094,125.5359,1,BRAF_M2.MAP2K_1
NCI-H520,MAP2K_1,BRAF_M2,3,3,1,0,100,3,0.3949295,69.03374697,44.14604,1,BRAF_M2.MAP2K_1
SW48,MAP2K_1,BRAF_M2,0.1,3,0.066921162,0.9891215,0,1.195913349,0.982907,5.66838482,50.51814,1,BRAF_M2.MAP2K_1
MDA-MB-175-VII,MAP2K_1,HSP90,1,1,0.300602814,10,79.99981272,0.050640047,1.8997348,5.01944632,41.2269,1,HSP90.MAP2K_1
T-24,MAP2K_1,HSP90,3,0.3,0.323270567,0.9875225,22.95875434,0.093133129,10,9.49919356,29.87212,1,HSP90.MAP2K_1
NCI-H747,MAP2K_1,IGFR_3,3,10,1.050689997,0.5859381,0,0.001,0.1,94.52504534,34.62117,1,IGFR_3.MAP2K_1
SW948,MAP2K_1,IGFR_3,3,10,0.075331661,1.0843067,10.82843652,10,0.3582981,17.5472578,22.11458,1,IGFR_3.MAP2K_1
SW48,MAP2K_1,IGFR_4,3,10,0.104760634,1.2072148,24.08744075,0.053392461,0.4991359,0,35.71134,1,IGFR_4.MAP2K_1
SW620,MAP2K_1,IGFR_4,0.3,3,0.3,0.7814178,10.36982552,3,0.8737292,38.54606283,56.40071,1,IGFR_4.MAP2K_1
CAMA-1,MTOR_1,MAP2K_1,1,3,0.13868813,2.1486873,16.51005308,1.444834134,1.4160773,91.77027254,-2.056456,1,MAP2K_1.MTOR_1
MDA-MB-415,MTOR_1,MAP2K_1,1,3,0.053271889,1.2532755,18.68953135,0.319939962,1.2041932,69.36424678,1.453541,1,MAP2K_1.MTOR_1
BT-474,PIK3C,MAP2K_1,3,3,0.5612592,2.5624754,2.44258601,0.996061457,2.1921422,76.59742292,43.73658,1,MAP2K_1.PIK3C
LS-513,PIK3C,MAP2K_1,10,0.3,1.069097761,1.4424334,3.12422228,0.098113456,1.3920486,22.07024252,21.42163,1,MAP2K_1.PIK3C
MCF7,PIK3C,MAP2K_1,3,3,0.202745687,1.0439806,0,0.002401344,0.2644183,51.58443381,34.59796,1,MAP2K_1.PIK3C
NCI-H747,PIK3C,MAP2K_1,10,3,1.277764433,0.5805428,14.118739,0.099431901,0.6920232,31.47585659,44.36795,1,MAP2K_1.PIK3C
SW948,PIK3C,MAP2K_1,10,3,0.340387099,1.2901563,2.55410303,0.08368721,1.0810349,11.12772758,41.55182,1,MAP2K_1.PIK3C
HT-1197,PIM1,MAP2K_1,3,1,3.00E-04,0.1,73.58900404,0.163405061,0.4758558,55.39452042,44.8883,1,MAP2K_1.PIM1
C32,PTK2,MAP2K_1,3,3,0.562527925,2.7645447,6.09246385,0.160678336,0.9955753,14.19595586,13.49706,1,MAP2K_1.PTK2
SW837,PTK2,MAP2K_1,10,3,0.250422268,0.886064,0.22590245,0.635380435,0.5236978,16.62693117,8.213722,1,MAP2K_1.PTK2
COLO-205,TKI,MAP2K_1,3,1,3,2.5190677,68.86972132,0.052007721,1.0958312,4.22652947,2.040458,1,MAP2K_1.TKI
LS-513,TKI,MAP2K_1,3,0.3,0.85424913,3.383438,74.24889425,0.108327337,1.6443103,22.28952819,75.74455,1,MAP2K_1.TKI
BT-474,PIK3C,MAP2K_3,3,0.3,0.549918504,2.0605606,0.08550147,0.023550131,0.8823573,49.25726424,27.23835,1,MAP2K_3.PIK3C
HCC1954,PIK3C,MAP2K_3,3,0.3,0.681325851,0.9688629,0,0.011770229,0.4978916,8.8556617,35.63079,1,MAP2K_3.PIK3C
MDA-MB-157,PIK3C,MAP2K_3,3,0.3,3,0.4263023,21.91835037,0.3,0.2629274,19.41875809,63.28213,1,MAP2K_3.PIK3C
Calu-3,MTOR_1,ALK,3,3,0.739677668,1.4865113,31.17109744,2.703499493,10,0,31.73031,1,ALK.MTOR_1
NCI-H1793,MTOR_1,ALK,3,3,0.079912981,1.1153641,18.8987379,1.261544123,1.4516335,0,52.23494,1,ALK.MTOR_1
SW900,MTOR_1,ALK,3,3,0.617075954,0.6999408,8.72136729,1.174690839,0.8299789,0,44.87502,1,ALK.MTOR_1
Calu-3,MTOR_1,ALK_2,3,3,1.417746133,0.7939128,0.07844599,2.915443393,10,0,11.89338,1,ALK_2.MTOR_1
NCI-H1299,MTOR_1,ALK_2,3,3,0.265746892,1.0895394,6.62916559,1.784061848,0.9900232,0,59.01793,1,ALK_2.MTOR_1
NCI-H1793,MTOR_1,ALK_2,3,3,0.083484386,1.073343,18.8102014,3,0.7137626,24.51641872,57.63945,1,ALK_2.MTOR_1
NCI-H2170,MTOR_1,ALK_2,3,3,0.153393575,1.320704,14.3224536,1,0,100,11.75055,1,ALK_2.MTOR_1
TCCSUP,MTOR_1,ATR_4,1,3,0.34838908,1.5570528,43.20503087,0.749438483,2.0477599,17.33583942,-0.8029354,1,ATR_4.MTOR_1
HT-1376,MTOR_1,FGFR,3,3,1.016872199,2.4834351,27.17094913,1.214161364,10,79.29755921,33.54718,1,FGFR.MTOR_1
TCCSUP,MTOR_1,FGFR,1,3,0.836224028,0.8032035,0,0.024568205,1.2824962,54.46238371,30.94798,1,FGFR.MTOR_1
UM-UC-3,MTOR_1,FGFR,1,3,1,2.251449,33.85451181,0.206471665,0.6769013,91.4916465,-3.909162,1,FGFR.MTOR_1
CAL-120,MTOR_1,MAP2K_1,1,1,0.195556837,3.1737968,37.89369185,0.180107512,1.5247926,77.79226984,7.404285,1,MAP2K_1.MTOR_1
CAL-51,MTOR_1,MAP2K_1,1,1,0.234344381,0.915771,0,1,0.5388403,76.13722435,-3.708525,1,MAP2K_1.MTOR_1
HCC1143,MTOR_1,MAP2K_1,1,1,0.501989493,1.0070059,12.25806382,0.068611098,0.6280624,37.43436393,29.81735,1,MAP2K_1.MTOR_1
HCC1937,MTOR_1,MAP2K_1,1,1,0.670147992,0.8633901,54.39656299,1,0.4771105,49.25814393,12.43447,1,MAP2K_1.MTOR_1
MDA-MB-231,MTOR_1,MAP2K_1,1,1,0.171688787,1.6716684,34.21774958,0.642710463,0.5193572,0,15.67301,1,MAP2K_1.MTOR_1
647-V,PIK3C,MTOR_1,3,1,1.134503527,2.1103553,51.6106394,0.368597941,3.5097813,47.36161243,29.48449,1,MTOR_1.PIK3C
BFTC-905,PIK3C,MTOR_1,3,3,1.800835253,0.8091431,0,0.302417803,1.8171524,26.20686273,38.76654,1,MTOR_1.PIK3C
HCC1569,PIK3C,MTOR_1,3,1,3,0.3762702,25.79165806,1,0.5101516,30.72923888,-20.06144,1,MTOR_1.PIK3C
HT-1197,PIK3C,MTOR_1,3,3,0.930851308,2.8469994,57.35614713,0.481140203,1.5211141,44.76984407,19.55982,1,MTOR_1.PIK3C
MDA-MB-157,PIK3C,MTOR_1,3,1,3,0.589812,22.5844764,0.29854038,0.8080923,7.82114419,52.14253,1,MTOR_1.PIK3C
MDA-MB-361,PARP1,HDAC_4,1,1,0.190327396,10,93.28631186,0.330308156,10,35.5989928,-3.133127,1,HDAC_4.PARP1
T47D,PARP1,HSP90,1,1,0.17261968,0.9141705,83.64315244,0.054372603,3.084417,25.02222944,11.09019,1,HSP90.PARP1
HCC1143,PIK3C,PARP1,1,3,0.222628784,1.5694615,51.33507696,0.938671111,10,77.79979831,11.57123,1,PARP1.PIK3C
HCC1187,PIK3C,PARP1,1,3,0.206059494,2.3621392,29.48102247,3,0.7810005,17.10342026,12.05382,1,PARP1.PIK3C
HCC1937,PIK3C,PARP1,1,3,0.459212937,0.9895939,50.60120261,3,0.832937,52.19853714,12.50627,1,PARP1.PIK3C
MDA-MB-231,PIK3C,PARP1,1,3,0.226044589,2.1343573,73.62346078,0.993476874,1.9697209,74.82750876,21.37534,1,PARP1.PIK3C
M14,PIK3C,PARP1,1,3,0.339109153,10,65.19926718,1.323312592,0.9703824,8.43994689,48.7638,1,PARP1.PIK3C
HCC1143,PIK3CB_PIK3CD,PARP1,1,3,0.438741561,0.6119014,34.50968226,3,0.4863784,32.3315416,12.08273,1,PARP1.PIK3CB_PIK3CD
MDA-MB-436,PIK3CB_PIK3CD,PARP1,1,3,0.161895906,0.6638845,54.97924527,0.038556354,0.4612555,11.66005615,12.30992,1,PARP1.PIK3CB_PIK3CD
M14,PIK3CB_PIK3CD,PARP1,1,3,0.47418027,1.2556698,6.80731231,1.174821634,0.6194038,0,27.2539,1,PARP1.PIK3CB_PIK3CD
NCI-H2291,PIK3C,ADAM17,3,10,0.54553165,1.5957054,46.54289787,10,10,85.20001401,15.60257,1,ADAM17.PIK3C
NCI-H3122,PIK3C,ADAM17,1,10,0.823188491,0.6475482,0,3.136907293,0.4275007,34.3095346,-35.79632,1,ADAM17.PIK3C
NCI-H522,PIK3C,ADAM17,3,10,2.936227553,0.4925634,0,10,0.3880009,33.363397,30.65238,1,ADAM17.PIK3C
EVSA-T,PIK3C,AKT_1,3,3,0.707871069,2.8316385,12.20568505,0.406176579,1.5969258,16.98325741,31.17723,1,AKT_1.PIK3C
HCC1419,PIK3C,AKT_1,3,3,0.429024238,1.0287799,13.87841669,0.13305282,0.8472827,29.24266318,35.4976,1,AKT_1.PIK3C
MDA-MB-361,PIK3C,AKT_1,3,3,0.433313481,0.8388381,0,0.103769166,0.8266812,21.26827273,51.40359,1,AKT_1.PIK3C
NCI-H2085,PIK3C,ALK,3,3,0.31103762,1.6201899,21.29369084,1.212108543,1.8300911,0,16.28676,1,ALK.PIK3C
NCI-H2291,PIK3C,ALK,3,3,0.628111312,1.2045041,40.48882714,1.445532235,0.6896811,0,30.77809,1,ALK.PIK3C
NCI-H838,PIK3C,ALK,3,3,0.892636752,0.8771739,0,0.872013506,1.5105159,0,18.27339,1,ALK.PIK3C
HT-1197,PIK3C,HSP90,3,3,3,0.5943189,4.39125907,0.092117,2.4812943,24.88076184,-15.82362,1,HSP90.PIK3C
TCCSUP,PIK3C,HSP90,1,0.3,0.297333663,3.5316582,55.49527021,0.114326743,4.7072534,16.82264688,-3.471697,1,HSP90.PIK3C
J82,PIK3C,IAP,3,3,1.167672215,0.9020971,13.92632682,0.001556208,0.4130288,24.26549041,31.15116,1,IAP.PIK3C
CAL-148,PIK3C,MAP2K_1,1,1,0.30471376,10,45.99957389,1.00E-04,0.1,81.88533421,7.398071,1,MAP2K_1.PIK3C
HCC1428,PIK3C,MAP2K_1,1,1,0.290240811,10,87.79983994,1,0,100,-7.307067,1,MAP2K_1.PIK3C
HCC1806,PIK3C,MAP2K_1,1,1,0.29182152,2.9235418,15.56200075,0.238927673,1.2073694,10.59138188,48.79275,1,MAP2K_1.PIK3C
M14,PIK3C,MAP2K_1,1,1,0.297794917,10,48.49961348,0.162232202,3.0278099,25.72671467,22.25276,1,MAP2K_1.PIK3C
CAL-51,PIK3C,MTOR_1,1,1,0.731832758,0.9967959,0,0.231069573,0.8460121,0,10.6624,1,MTOR_1.PIK3C
UM-UC-3,PIM1,PIK3C,3,3,2.562723036,2.1877387,92.82513436,1.368979778,2.2479644,37.91735286,7.664477,1,PIK3C.PIM1
HT-1376,TNFSF10,PIK3C,0.03,3,1,0,100,0.603696726,1.5279014,45.75385321,-19.15302,1,PIK3C.TNFSF10
SW780,TNFSF10,PIK3C,0.03,3,0.004706335,3.1916708,0.27527852,3,10,91.60087376,-0.8083333,1,PIK3C.TNFSF10
NCI-H1793,PIK3CA_3,CSNK2A1_2,3,0.1,1.309653078,4.1082051,71.79358618,0.012040858,2.2076483,8.59694322,73.74989,1,CSNK2A1_2.PIK3CA_3
NCI-H2291,PIK3CA_3,CSNK2A1_2,3,0.01,0.415484837,2.1694529,79.84636745,0.001865372,1.7612366,14.67127842,5.780475,1,CSNK2A1_2.PIK3CA_3
NCI-H23,PIK3CA_3,CSNK2A1_2,3,0.1,3,0.3483629,10.1214624,0.005988634,1.2491345,6.91443448,25.20792,1,CSNK2A1_2.PIK3CA_3
NCI-H522,PIK3CA_3,CSNK2A1_2,3,0.03,3,0.6945361,36.51622513,0.003861363,2.555601,4.25126895,3.854132,1,CSNK2A1_2.PIK3CA_3
CAMA-1,PIK3CA_4,MTOR_1,1,1,1,10,87.20006368,0.348273739,1.7101563,13.64855651,-13.79611,1,MTOR_1.PIK3CA_4
HCC1395,PIK3CA_4,MTOR_1,1,1,1,0.2298199,85.94489474,0.207259671,1.1422897,34.78121161,8.880819,1,MTOR_1.PIK3CA_4
HCC1428,PIK3CA_4,MTOR_1,1,1,1,0,100,0.256840882,2.6880749,59.57083697,12.03653,1,MTOR_1.PIK3CA_4
HCC70,PIK3CA_4,MTOR_1,1,1,1,0,100,0.340469918,10,64.09922663,-31.67846,1,MTOR_1.PIK3CA_4
CAMA-1,PIK3CA_4,PIK3C_2,1,1,1,0.4571875,84.25876627,0.999878415,9.9999998,22.04739275,-14.27473,1,PIK3C_2.PIK3CA_4
HCC1395,PIK3CA_4,PIK3C_2,1,1,0.999132963,10,75.30714596,0.938976201,1.5753861,0,-0.5240151,1,PIK3C_2.PIK3CA_4
HCC70,PIK3CA_4,PIK3C_2,1,1,1,0,100,1,0,100,-30.86577,1,PIK3C_2.PIK3CA_4
MDA-MB-453,PIK3CA_4,PIK3C_2,1,1,0.165314472,1.0350254,0,0.359187991,1.9841012,0,-1.126951,1,PIK3C_2.PIK3CA_4
NCI-H1299,PIK3CB,ALK_2,3,3,3,10,66.80006775,2.762249301,1.7376209,0,73.89278,1,ALK_2.PIK3CB
NCI-H2085,PIK3CB,ALK_2,0.03,3,0.006099041,1.4868835,52.93460617,2.734917861,1.1343261,0,73.81511,1,ALK_2.PIK3CB
NCI-H358,PIK3CB,ALK_2,3,3,3,0.4790995,64.76792312,0.169846293,10,92.0958911,-12.38532,1,ALK_2.PIK3CB
SW900,PIK3CB,ALK_2,3,3,3,0.5429131,26.99161588,1.591356871,0.5968774,0,50.262,1,ALK_2.PIK3CB
Calu-3,Topotecan,PIK3CB,0.1,3,0.1,0.3150089,22.42976803,3.00E-04,0.1,79.11847721,-2.777467,1,PIK3CB.Topotecan
NCI-H1563,Topotecan,PIK3CB,0.1,3,0.022807443,1.1285668,0,0.02422703,4.3260909,52.37385352,-10.46777,1,PIK3CB.Topotecan
NCI-H23,Topotecan,PIK3CB,0.1,3,0.005425791,0.7184187,62.11324385,0.723316076,0.7765152,54.40302208,-1.396695,1,PIK3CB.Topotecan
NCI-H520,Topotecan,PIK3CB,0.03,3,0.023953514,0.8072579,0,1.099496313,0.4332766,0,10.65701,1,PIK3CB.Topotecan
HT-1376,PIK3CB_PIK3CD,EG5,3,0.1,0.048914777,0.7293828,18.60009099,0.00171396,5.4903917,29.06486806,33.1994,1,EG5.PIK3CB_PIK3CD
T-24,PIK3CB_PIK3CD,EG5,3,3,1,0,100,3.00E-04,1.0259024,0.79147461,1.93794,1,EG5.PIK3CB_PIK3CD
J82,PIK3CB_PIK3CD,PARP1,3,3,2.158028825,0.5225036,0,3,0.5988558,49.75631957,9.786006,1,PARP1.PIK3CB_PIK3CD
SW780,PIK3CB_PIK3CD,PARP1,3,3,1,0,100,1,0,100,-42.21036,1,PARP1.PIK3CB_PIK3CD
BT-20,PIM1,BCL2_BCL2L1,1,1,1,0.4106004,62.0725523,1,0.9805972,66.94120915,21.39337,1,BCL2_BCL2L1.PIM1
CAL-51,PIM1,BCL2_BCL2L1,1,1,1,1.165853,80.28393579,0.220973263,10,90.58925047,14.90566,1,BCL2_BCL2L1.PIM1
HCC1937,PIM1,BCL2_BCL2L1,1,1,1,10,89.00009214,0.338583977,10,77.79955368,46.25026,1,BCL2_BCL2L1.PIM1
HT-1197,PIM1,BCL2_BCL2L1,3,3,3.00E-04,0.1,73.9941462,0.165538718,10,92.23748933,41.15449,1,BCL2_BCL2L1.PIM1
MDA-MB-157,PIM1,BCL2_BCL2L1,1,1,1,0,100,1,10,84.2002741,-0.6100437,1,BCL2_BCL2L1.PIM1
MDA-MB-453,PIM1,BCL2_BCL2L1,1,1,1,0,100,1,0,100,34.49105,1,BCL2_BCL2L1.PIM1
CAL-51,PIM1,MAP2K_1,1,1,0.013794217,1.0991175,78.0687276,1.00E-04,0.1,90.7246696,-26.97922,1,MAP2K_1.PIM1
HCC1187,PIM1,MAP2K_1,1,1,0.153958,1.4859865,66.04461839,0.025960497,1.030173,47.62228664,75.42909,1,MAP2K_1.PIM1
HCC1395,PIM1,MAP2K_1,1,1,0.357659653,10,93.19976528,0.339275118,2.0197509,84.34628875,22.59671,1,MAP2K_1.PIM1
Hs-578-T,PIM1,MAP2K_1,1,1,1.00E-04,0.1,86.65769564,1,0.7843512,52.2143776,15.62016,1,MAP2K_1.PIM1
HCC1187,PIM1,PIK3C,1,1,0.073120073,1.4001816,76.07859468,0.235214503,2.2922157,29.71475348,54.75265,1,PIK3C.PIM1
HCC1395,PIM1,PIK3C,1,1,0.02025947,0.6607624,83.62640675,0.91397299,0.9039545,0,15.46244,1,PIK3C.PIM1
HCC38,PIM1,PIK3C,1,1,1,0.2080744,81.73085574,0.286042563,10,79.89985597,-19.02656,1,PIK3C.PIM1
MDA-MB-157,PIM1,PIK3C,1,1,0.007065175,0.3115999,86.75520532,1,0.3873855,32.11091821,42.23205,1,PIK3C.PIM1
A549,TOP2_2,PIM1,1,3,0.315338063,10,25.89927021,1,0,100,68.29516,1,PIM1.TOP2_2
Calu-3,TOP2_2,PIM1,0.1,3,0.1,1.0216933,11.91813613,2.999999949,0.1215838,86.57401084,29.9138,1,PIM1.TOP2_2
Calu-6,TOP2_2,PIM1,3,3,0.735675189,1.502463,17.49117162,1,0,100,47.29654,1,PIM1.TOP2_2
CAL-51,PIP5K1,AKT,1,1,0.111197081,2.5045004,88.197993,0.489385823,1.5136471,39.40687339,5.149844,1,AKT.PIP5K1
HCC1143,PIP5K1,AKT,1,1,1,2.6117507,84.02055527,0.433009704,1.9642634,66.01237042,-13.43685,1,AKT.PIP5K1
HCC1187,PIP5K1,AKT,1,1,1,0,100,0.322112882,10,66.59958896,-22.8494,1,AKT.PIP5K1
MDA-MB-436,PIP5K1,AKT,1,1,1,10,94.20008514,0.299489335,2.5950608,73.60009077,-4.615945,1,AKT.PIP5K1
MDA-MB-157,PIP5K1,MAP2K_1,1,1,1,0,100,0.102680802,0.8706464,56.49592002,-7.861925,1,MAP2K_1.PIP5K1
MDA-MB-468,PIP5K1,MAP2K_1,1,1,1,0,100,0.311797114,10,91.59991919,-12.37771,1,MAP2K_1.PIP5K1
MFM-223,PIP5K1,MAP2K_1,1,1,0.159551864,10,74.06940968,1,0,100,-41.00462,1,MAP2K_1.PIP5K1
CAL-120,PIP5K1,PIK3C,1,1,1,10,78.00002123,0.5487669,0.8364029,61.4979605,-21.33009,1,PIK3C.PIP5K1
CAL-148,PIP5K1,PIK3C,1,1,1,0,100,0.985523857,0.9880339,0,-22.17661,1,PIK3C.PIP5K1
MDA-MB-436,PIP5K1,PIK3C,1,1,1,0,100,0.240874937,2.2195488,51.56463225,-10.67725,1,PIK3C.PIP5K1
CAL-120,PIP5K1,PIK3CB_PIK3CD,1,1,1,10,80.20014203,0.204527426,0.6512792,40.42353206,-19.12837,1,PIK3CB_PIK3CD.PIP5K1
MDA-MB-231,PIP5K1,PIK3CB_PIK3CD,1,1,0.268546015,1.3804332,92.97810375,1,1.0755704,51.10922691,-9.269504,1,PIK3CB_PIK3CD.PIP5K1
M14,PIP5K1,PIK3CB_PIK3CD,1,1,0.30000264,10,81.19980948,0.360483576,1.3064388,19.75293565,6.324536,1,PIK3CB_PIK3CD.PIP5K1
CAL-120,SLC16A4,BCL2_BCL2L1,1,1,1,0,100,0.156254895,1.9334866,42.41106032,24.89924,1,BCL2_BCL2L1.SLC16A4
HCC1187,SLC16A4,BCL2_BCL2L1,1,1,1,0,100,1,0,100,11.05045,1,BCL2_BCL2L1.SLC16A4
MDA-MB-436,SLC16A4,BCL2_BCL2L1,1,1,1,0,100,0.32652941,10,85.99979217,9.491573,1,BCL2_BCL2L1.SLC16A4
MDA-MB-453,SLC16A4,BCL2_BCL2L1,1,1,1,0,100,0.311357511,10,70.59973146,2.552621,1,BCL2_BCL2L1.SLC16A4
CAL-120,SLC16A4,FGFR,1,1,1,0,100,0.292304375,10,85.29985624,20.57518,1,FGFR.SLC16A4
HCC1806,SLC16A4,FGFR,1,1,1,0,100,1,0,100,-12.78009,1,FGFR.SLC16A4
MFM-223,SLC16A4,FGFR,1,1,1,10,93.60014615,0.196886508,0.6301321,8.84847782,13.39452,1,FGFR.SLC16A4
M14,SLC16A4,FGFR,1,1,0.128473284,5.9739151,90.86853304,1,0,100,-45.88617,1,FGFR.SLC16A4
HCC1187,SLC16A4,MAP2K_1,1,1,1,0,100,0.144550662,3.7274875,49.16375343,18.44811,1,MAP2K_1.SLC16A4
HCC70,SLC16A4,MAP2K_1,1,1,1,0,100,0.298500968,10,88.09970866,14.06457,1,MAP2K_1.SLC16A4
MDA-MB-468,SLC16A4,MAP2K_1,1,1,1,0,100,1,0,100,-1.868038,1,MAP2K_1.SLC16A4
MFM-223,SLC16A4,MAP2K_1,1,1,1,0,100,1,0,100,-16.60417,1,MAP2K_1.SLC16A4
BT-20,SLC16A4,MTOR_1,1,1,1,1.6589776,82.33459808,0.461937151,1.422863,11.09522808,11.58494,1,MTOR_1.SLC16A4
MDA-MB-231,SLC16A4,MTOR_1,1,1,0.207078065,1.8156487,44.47194176,0.453911807,0.9116846,10.89132679,1.994979,1,MTOR_1.SLC16A4
MDA-MB-468,SLC16A4,MTOR_1,1,1,1,0.4738863,74.09032711,1,0.401148,58.95482039,4.790165,1,MTOR_1.SLC16A4
MDA-MB-157,SLC16A4,PIK3CB_PIK3CD,1,1,1,0,100,1,0.4954002,14.3969025,5.939979,1,PIK3CB_PIK3CD.SLC16A4
MDA-MB-231,SLC16A4,PIK3CB_PIK3CD,1,1,0.211684988,1.867315,40.53618462,1,0.2342047,75.13175397,11.0213,1,PIK3CB_PIK3CD.SLC16A4
MDA-MB-468,SLC16A4,PIK3CB_PIK3CD,1,1,1,0.2704615,85.98570285,1.00E-04,0.1,92.86009121,11.25299,1,PIK3CB_PIK3CD.SLC16A4
NCI-H747,TKI,IGFR_3,3,10,0.267087091,10,74.39992386,0.001,0.1,86.38897699,18.25395,1,IGFR_3.TKI
SW948,TKI,IGFR_3,3,10,3,10,55.60062976,0.898184563,10,75.84979431,25.13316,1,IGFR_3.TKI
Calu-6,TNFSF10,CSNK2A1_2,0.03,0.03,1,0,100,0.008674034,2.0363268,8.71457089,-0.4143564,1,CSNK2A1_2.TNFSF10
DMS-114,TNFSF10,CSNK2A1_2,0.03,0.03,0.03,10,86.60033184,0.009147428,10,16.799187,-34.81202,1,CSNK2A1_2.TNFSF10
NCI-H1703,TNFSF10,CSNK2A1_2,0.03,0.1,0.03,1.5606355,40.2394294,0.010824933,3.520778,12.57884644,8.080934,1,CSNK2A1_2.TNFSF10
CAL-120,TNKS_PARP6,AKT,1,1,0.012552844,0.7382486,46.61465912,0.071099612,0.8476737,59.56681862,27.21609,1,AKT.TNKS_PARP6
HCC1143,TNKS_PARP6,AKT,1,1,0.02754324,1.7769189,24.93406231,0.681899924,0.8244991,57.54800351,11.85188,1,AKT.TNKS_PARP6
HCC70,TNKS_PARP6,AKT,1,1,0.061508424,1.5572685,30.95490147,0.292940513,10,13.0994021,20.43694,1,AKT.TNKS_PARP6
BT-549,TNKS_PARP6,FGFR,1,1,0.226771653,10,14.39301718,0.102682681,10,69.59963574,-13.53461,1,FGFR.TNKS_PARP6
CAL-120,TNKS_PARP6,FGFR,1,1,0.009238748,0.9137193,47.18431385,0.053412719,10,83.82638079,1.033681,1,FGFR.TNKS_PARP6
Hs-578-T,TNKS_PARP6,FGFR,1,1,0.023093619,2.4998935,19.6157727,0.015526081,10,81.62424668,5.233097,1,FGFR.TNKS_PARP6
CAL-148,TNKS_PARP6,MTOR_1,1,1,0.037480634,1.6676282,1.94887133,0.299793208,2.5947739,66.29885508,26.63481,1,MTOR_1.TNKS_PARP6
CAL-51,TNKS_PARP6,MTOR_1,1,1,0.144848559,8.5205376,2.00112531,0.366335209,1.3303176,7.51948275,-22.45175,1,MTOR_1.TNKS_PARP6
MDA-MB-231,TNKS_PARP6,MTOR_1,1,1,0.04789947,1.5342719,19.36707157,0.360435849,1.135491,25.9025588,9.893072,1,MTOR_1.TNKS_PARP6
MDA-MB-453,TNKS_PARP6,MTOR_1,1,1,0.014408564,1.6350533,12.60914973,0.22083281,4.6827145,11.22367278,-6.941396,1,MTOR_1.TNKS_PARP6
CAL-51,TNKS_PARP6,PIK3CB_PIK3CD,1,1,0.133703819,10,1.78482571,1,0.2550211,72.10198193,0.2724118,1,PIK3CB_PIK3CD.TNKS_PARP6
HCC38,TNKS_PARP6,PIK3CB_PIK3CD,1,1,0.027308054,1.9957107,10.81482968,1,10,77.600366,15.89791,1,PIK3CB_PIK3CD.TNKS_PARP6
M14,TNKS_PARP6,PIK3CB_PIK3CD,1,1,0.00812138,1.7263481,18.79569514,0.323277101,10,38.39917698,40.185,1,PIK3CB_PIK3CD.TNKS_PARP6
NCI-H1437,TOP2,ALK_2,3,3,1.883506326,1.1113771,0,0.58685905,0.5025745,0,17.20011,1,ALK_2.TOP2
NCI-H358,TOP2,ALK_2,3,3,3,10,81.800569,0.177915126,1.1544724,50.29873321,8.172649,1,ALK_2.TOP2
NCI-H522,TOP2,ALK_2,3,3,2.044991736,1.0731583,24.38190785,2.426437178,3.0102628,0,20.47359,1,ALK_2.TOP2
NCI-H1975,TOP2,Doxorubicin,3,0.1,0.000531764,9.5780866,18.98,0.025936407,3.0364393,36.17562316,-17.92986,1,Doxorubicin.TOP2
NCI-H3122,TOP2,Doxorubicin,3,0.1,0.036868776,10,26.44926649,0.019693583,1.3604976,0,9.173636,1,Doxorubicin.TOP2
NCI-H522,TOP2,Doxorubicin,3,0.1,2.810921214,0.6994024,0,0.018043201,0.964212,0,3.278132,1,Doxorubicin.TOP2
Calu-6,Vinorelbine,BCL2L1,0.03,3,0.010585652,10,50.19850552,3.00E-04,0.1,50.92679878,16.72941,1,BCL2L1.Vinorelbine
NCI-H226,Vinorelbine,BCL2L1,0.03,3,0.007981446,1.0958958,0,3,0.3054946,24.18770257,50.31422,1,BCL2L1.Vinorelbine
NCI-H2291,Vinorelbine,BCL2L1,1,3,0.045000183,4.1203798,55.99313949,0.092044386,10,29.89976771,98.53807,1,BCL2L1.Vinorelbine
NCI-H1437,Vinorelbine,BCL2_2,0.3,3,0.027975128,2.2332966,1.87275552,0.673266249,0.5332582,82.16269914,11.2268,1,BCL2_2.Vinorelbine
NCI-H1703,Vinorelbine,BCL2_2,0.03,3,0.011412262,10,21.19499917,1.015538702,10,79.19958424,-14.04193,1,BCL2_2.Vinorelbine
NCI-H1793,Vinorelbine,BCL2_2,0.1,3,0.019326975,4.545505,15.16179042,3,10,87.60023049,18.78018,1,BCL2_2.Vinorelbine
SW900,Vinorelbine,BCL2_2,0.1,3,0.031058422,0.7869186,0,3,0.25768,58.50695535,-39.80699,1,BCL2_2.Vinorelbine
